<?xml version="1.0" encoding="utf-8" ?>
<Defs>
  
  <!-- Fabric -->

  <ThingDef ParentName="ApparelMakeableBaseFG">
    <defName>Apparel_FGUniform</defName>
    <label>militia uniform</label>
    <description>A full-body uniform issued by for the free people. Consist of a comfy shirt, sturdy and thick trousers and a simple pair of boots.</description>
    <graphicData>
      <texPath>Things/Pawn/Humanlike/Apparel/FGUniform/FGUniform</texPath>
      <graphicClass>Graphic_Single</graphicClass>
    </graphicData>
    <techLevel>Medieval</techLevel>
    <costStuffCount>120</costStuffCount>
    <stuffCategories>
      <li>Fabric</li>
      <li>Leathery</li>
    </stuffCategories>
    <tradeability>Sellable</tradeability>
    <statBases>
      <MaxHitPoints>100</MaxHitPoints>
      <WorkToMake>8000</WorkToMake>
      <Mass>1.</Mass>
      <StuffEffectMultiplierArmor>0.32</StuffEffectMultiplierArmor>
      <StuffEffectMultiplierInsulation_Cold>0.32</StuffEffectMultiplierInsulation_Cold>
      <StuffEffectMultiplierInsulation_Heat>0.10</StuffEffectMultiplierInsulation_Heat>
      <EquipDelay>3</EquipDelay>
    </statBases>
    <thingCategories>
      <li>Apparel</li>
    </thingCategories>
    <apparel>
      <bodyPartGroups>
        <li>Torso</li>
        <li>Legs</li>
        <li>Feet</li>
        <li>Hands</li>
      </bodyPartGroups>
      <wornGraphicPath>Things/Pawn/Humanlike/Apparel/FGUniform/FGUniform</wornGraphicPath>
      <layers>
        <li>OnSkin</li>
      </layers>
      <tags>
        <li>FGLow</li>
        <li>FGMid</li>
        <li>FGHigh</li>
      </tags>
    </apparel>
    <recipeMaker>
      <researchPrerequisite>FGApparelBasic</researchPrerequisite>
      <skillRequirements>
        <Crafting>3</Crafting>
      </skillRequirements>
    </recipeMaker>
    <colorGenerator Class="ColorGenerator_Options">
      <options>
        <li>
          <weight>10</weight>
          <only>(0.33,0.33,0.33)</only>
        </li>
        <li>
          <weight>10</weight>
          <only>(0.65,0.65,0.65)</only>
        </li>
        <li>
          <weight>10</weight>
          <only>(0.4,0.3,0.15)</only>
        </li>
        <li>
          <weight>15</weight>
          <min>(0.3,0.3,0.3)</min>
          <max>(0.5,0.5,0.5)</max>
        </li>
        <li>
          <weight>6</weight>
          <min>(0.5,0.5,0.5)</min>
          <max>(1,1,1)</max>
        </li>
      </options>
    </colorGenerator>
  </ThingDef>

  <ThingDef ParentName="ApparelMakeableBaseFG">
    <defName>Apparel_FGMantle</defName>
    <label>Mantle</label>
    <description>A simple standard issued mantle to throw over your shoulders to keep warm and relatively dry.</description>
    <graphicData>
      <texPath>Things/Pawn/Humanlike/Apparel/FGMantle/FGMantle</texPath>
      <graphicClass>Graphic_Single</graphicClass>
      <drawSize>0.85</drawSize>
    </graphicData>
    <costStuffCount>60</costStuffCount>
    <stuffCategories>
      <li>Fabric</li>
      <li>Leathery</li>
    </stuffCategories>
    <thingCategories>
      <li>Apparel</li>
    </thingCategories>
    <statBases>
      <MaxHitPoints>160</MaxHitPoints>
      <WorkToMake>5000</WorkToMake>
      <Mass>1.2</Mass>
      <StuffEffectMultiplierArmor>0.3</StuffEffectMultiplierArmor>
      <StuffEffectMultiplierInsulation_Cold>0.60</StuffEffectMultiplierInsulation_Cold>
      <StuffEffectMultiplierInsulation_Heat>0.25</StuffEffectMultiplierInsulation_Heat>
      <EquipDelay>1.5</EquipDelay>
    </statBases>
    <apparel>
      <bodyPartGroups>
        <li>Torso</li>
        <li>Neck</li>
        <li>Shoulders</li>
        <li>Arms</li>
      </bodyPartGroups>
      <wornGraphicPath>Things/Pawn/Humanlike/Apparel/FGMantle/FGMantle</wornGraphicPath>
      <layers>
        <li>Shell</li>
      </layers>
      <tags>
        <li>FGLow</li>
        <li>FGMid</li>
      </tags>
    </apparel>
    <recipeMaker>
        <researchPrerequisite>ComplexClothing</researchPrerequisite>
        <skillRequirements>
          <Crafting>3</Crafting>
        </skillRequirements>
      </recipeMaker>
    <colorGenerator Class="ColorGenerator_Options">
      <options>
        <li>
          <weight>10</weight>
          <only>(0.33,0.33,0.33)</only>
        </li>
        <li>
          <weight>10</weight>
          <only>(0.65,0.65,0.65)</only>
        </li>
        <li>
          <weight>10</weight>
          <only>(0.4,0.3,0.15)</only>
        </li>
        <li>
          <weight>15</weight>
          <min>(0.3,0.3,0.3)</min>
          <max>(0.5,0.5,0.5)</max>
        </li>
        <li>
          <weight>6</weight>
          <min>(0.5,0.5,0.5)</min>
          <max>(1,1,1)</max>
        </li>
      </options>
    </colorGenerator>
  </ThingDef>

  <ThingDef ParentName="ApparelMakeableBaseFG">
    <defName>Apparel_FGPadded</defName>
    <label>Padded chest</label>
    <description>Tough leather protection for the chest. Rather cheap protection against blows and glancing cuts.</description>
    <graphicData>
      <texPath>Things/Pawn/Humanlike/Apparel/FGPadded/FGPadded</texPath>
      <graphicClass>Graphic_Single</graphicClass>
      <drawSize>0.85</drawSize>
    </graphicData>
    <costStuffCount>75</costStuffCount>
    <stuffCategories>
      <li>Leathery</li>
    </stuffCategories>
    <thingCategories>
      <li>Apparel</li>
    </thingCategories>
    <statBases>
      <MaxHitPoints>160</MaxHitPoints>
      <WorkToMake>7000</WorkToMake>
      <Mass>1.5</Mass>
      <StuffEffectMultiplierArmor>0.3</StuffEffectMultiplierArmor>
      <ArmorRating_Blunt>0.4</ArmorRating_Blunt>
      <StuffEffectMultiplierInsulation_Cold>0</StuffEffectMultiplierInsulation_Cold>
      <StuffEffectMultiplierInsulation_Heat>-0.10</StuffEffectMultiplierInsulation_Heat>
      <EquipDelay>1.5</EquipDelay>
    </statBases>
    <equippedStatOffsets>
      <MeleeDodgeChance>0.05</MeleeDodgeChance>
    </equippedStatOffsets>
    <apparel>
      <bodyPartGroups>
        <li>Torso</li>
        <li>Shoulders</li>
        <li>Arms</li>
      </bodyPartGroups>
      <wornGraphicPath>Things/Pawn/Humanlike/Apparel/FGPadded/FGPadded</wornGraphicPath>
      <layers>
        <li>Middle</li>
      </layers>
      <tags>
        <li>FGMid</li>
      </tags>
    </apparel>
    <recipeMaker>
      <researchPrerequisite>FGApparelAdvanced</researchPrerequisite>
      <skillRequirements>
        <Crafting>4</Crafting>
      </skillRequirements>
    </recipeMaker>
    <colorGenerator Class="ColorGenerator_Options">
      <options>
        <li>
          <weight>10</weight>
          <only>(0.33,0.33,0.33)</only>
        </li>
        <li>
          <weight>10</weight>
          <only>(0.65,0.65,0.65)</only>
        </li>
        <li>
          <weight>10</weight>
          <only>(0.4,0.3,0.15)</only>
        </li>
        <li>
          <weight>15</weight>
          <min>(0.3,0.3,0.3)</min>
          <max>(0.5,0.5,0.5)</max>
        </li>
        <li>
          <weight>6</weight>
          <min>(0.5,0.5,0.5)</min>
          <max>(1,1,1)</max>
        </li>
      </options>
    </colorGenerator>
  </ThingDef>

  <ThingDef ParentName="ApparelMakeableBaseFG">
    <defName>Apparel_FGPGambison</defName>
    <label>Gambison</label>
    <description>Standard issued gambison by The Freeguild. Gets stuffy in hot weather but proects the body from blows and small cuts.</description>
    <graphicData>
      <texPath>Things/Pawn/Humanlike/Apparel/FGGambison/FGGambison</texPath>
      <graphicClass>Graphic_Single</graphicClass>
      <drawSize>0.85</drawSize>
    </graphicData>
    <costStuffCount>120</costStuffCount>
    <stuffCategories>
      <li>Leathery</li>
    </stuffCategories>
    <thingCategories>
      <li>Apparel</li>
    </thingCategories>
    <statBases>
      <MaxHitPoints>160</MaxHitPoints>
      <WorkToMake>7000</WorkToMake>
      <Mass>1.5</Mass>
      <StuffEffectMultiplierArmor>0.45</StuffEffectMultiplierArmor>
      <ArmorRating_Blunt>0.55</ArmorRating_Blunt>
      <StuffEffectMultiplierInsulation_Cold>0</StuffEffectMultiplierInsulation_Cold>
      <StuffEffectMultiplierInsulation_Heat>-0.10</StuffEffectMultiplierInsulation_Heat>
      <EquipDelay>1.5</EquipDelay>
    </statBases>
    <apparel>
      <bodyPartGroups>
        <li>Torso</li>
        <li>Neck</li>
        <li>Shoulders</li>
        <li>Arms</li>
      </bodyPartGroups>
      <wornGraphicPath>Things/Pawn/Humanlike/Apparel/FGGambison/FGGambison</wornGraphicPath>
      <layers>
        <li>Middle</li>
      </layers>
      <tags>
        <li>FGMid</li>
      </tags>
    </apparel>
    <recipeMaker>
      <researchPrerequisite>FGApparelAdvanced</researchPrerequisite>
      <skillRequirements>
        <Crafting>4</Crafting>
      </skillRequirements>
    </recipeMaker>
    <colorGenerator Class="ColorGenerator_Options">
      <options>
        <li>
          <weight>10</weight>
          <only>(0.33,0.33,0.33)</only>
        </li>
        <li>
          <weight>10</weight>
          <only>(0.65,0.65,0.65)</only>
        </li>
        <li>
          <weight>10</weight>
          <only>(0.4,0.3,0.15)</only>
        </li>
        <li>
          <weight>15</weight>
          <min>(0.3,0.3,0.3)</min>
          <max>(0.5,0.5,0.5)</max>
        </li>
        <li>
          <weight>6</weight>
          <min>(0.5,0.5,0.5)</min>
          <max>(1,1,1)</max>
        </li>
      </options>
    </colorGenerator>
  </ThingDef>

  <!-- Headgear -->

  <ThingDef ParentName="HatMakeableBase">
    <defName>Apparel_FGBiggin</defName>
    <label>biggin</label>
    <description>A thick leather biggin to protect your head with. Good against the biting cold and protects against cuts, but gets stuffy in warm weather.</description>
    <graphicData>
      <texPath>Things/Pawn/Humanlike/Apparel/FGBiggin/FGBiggin</texPath>
      <graphicClass>Graphic_Single</graphicClass>
    </graphicData>
    <uiIconScale>1.25</uiIconScale>
    <costStuffCount>40</costStuffCount>
    <stuffCategories>
      <li>Leathery</li>
    </stuffCategories>
    <statBases>
      <MaxHitPoints>80</MaxHitPoints>
      <WorkToMake>1800</WorkToMake>
      <Mass>0.15</Mass>
      <StuffEffectMultiplierArmor>0.3</StuffEffectMultiplierArmor>
      <StuffEffectMultiplierInsulation_Cold>0.50</StuffEffectMultiplierInsulation_Cold>
      <StuffEffectMultiplierInsulation_Heat>-0.1</StuffEffectMultiplierInsulation_Heat>
      <EquipDelay>0.8</EquipDelay>
    </statBases>
    <apparel>
      <bodyPartGroups>
        <li>UpperHead</li>
      </bodyPartGroups>
      <wornGraphicPath>Things/Pawn/Humanlike/Apparel/FGBiggin/FGBiggin</wornGraphicPath>
      <layers>
        <li>Overhead</li>
      </layers>
      <tags>
        <li>FGLow</li>
        <li>FGMid</li>
      </tags>
    </apparel>
    <recipeMaker>
      <researchPrerequisite>ComplexClothing</researchPrerequisite>
      <skillRequirements>
        <Crafting>2</Crafting>
      </skillRequirements>
    </recipeMaker>
  </ThingDef>

  <ThingDef ParentName="HatMakeableBase">
    <defName>Apparel_FGCap</defName>
    <label>cap</label>
    <description>Rather stylish cap used by the militia. Not great for protecting against blows and cuts but keeps your head dry and cool.</description>
    <recipeMaker>
      <researchPrerequisite>FGApparelBasic</researchPrerequisite>
      <skillRequirements>
        <Crafting>3</Crafting>
      </skillRequirements>
      </recipeMaker>
    <graphicData>
      <texPath>Things/Pawn/Humanlike/Apparel/FGCap/FGCap</texPath>
      <graphicClass>Graphic_Single</graphicClass>
    </graphicData>
    <costStuffCount>35</costStuffCount>
    <stuffCategories>
      <li>Fabric</li>
    </stuffCategories>
    <statBases>
      <MaxHitPoints>80</MaxHitPoints>
      <WorkToMake>2200</WorkToMake>
      <Mass>0.1</Mass>
      <StuffEffectMultiplierArmor>0.2</StuffEffectMultiplierArmor>
      <StuffEffectMultiplierInsulation_Cold>0.10</StuffEffectMultiplierInsulation_Cold>
      <StuffEffectMultiplierInsulation_Heat>0.50</StuffEffectMultiplierInsulation_Heat>
      <EquipDelay>0.8</EquipDelay>
    </statBases>
    <equippedStatOffsets>
      <SocialImpact>0.10</SocialImpact>
    </equippedStatOffsets>
    <apparel>
      <bodyPartGroups>
        <li>UpperHead</li>
      </bodyPartGroups>
      <wornGraphicPath>Things/Pawn/Humanlike/Apparel/FGCap/FGCap</wornGraphicPath>
      <layers>
        <li>Overhead</li>
      </layers>
      <tags>
        <li>FGLow</li>
        <li>FGMid</li>
      </tags>
    </apparel>
    <colorGenerator Class="ColorGenerator_Options">
      <options>
        <li>
          <weight>10</weight>
          <only>(0.33,0.33,0.33)</only>
        </li>
        <li>
          <weight>10</weight>
          <only>(0.65,0.65,0.65)</only>
        </li>
        <li>
          <weight>10</weight>
          <only>(0.4,0.3,0.15)</only>
        </li>
        <li>
          <weight>15</weight>
          <min>(0.3,0.3,0.3)</min>
          <max>(0.5,0.5,0.5)</max>
        </li>
        <li>
          <weight>6</weight>
          <min>(0.5,0.5,0.5)</min>
          <max>(1,1,1)</max>
        </li>
      </options>
    </colorGenerator>
  </ThingDef>

  <!-- Armour -->

  <ThingDef ParentName="ArmorSmithableBaseFG">
    <defName>Apparel_FGChestplate</defName>
    <label>chestplate</label>
    <description>Solid chestplate to protect the torso and allow for additional apparel over it. It comes with standard issued gloves and boots.</description>
    <recipeMaker>
      <unfinishedThingDef>UnfinishedMetallicTechArmor</unfinishedThingDef>
      <researchPrerequisite>FGApparelPlate</researchPrerequisite>
      <skillRequirements>
        <Crafting>6</Crafting>
      </skillRequirements>
    </recipeMaker>
    <thingCategories>
      <li>Apparel</li>
    </thingCategories>
    <graphicData>
      <texPath>Things/Pawn/Humanlike/Apparel/FGChestplate/FGChestplate</texPath>
      <graphicClass>Graphic_Single</graphicClass>
    </graphicData>
    <stuffCategories>
      <li>Metallic</li>
    </stuffCategories>
    <costStuffCount>120</costStuffCount>
    <statBases>
      <WorkToMake>32000</WorkToMake>
      <MaxHitPoints>290</MaxHitPoints>
      <Mass>5</Mass>
      <StuffEffectMultiplierArmor>0.7</StuffEffectMultiplierArmor>
      <StuffEffectMultiplierInsulation_Cold>0.3</StuffEffectMultiplierInsulation_Cold>
      <StuffEffectMultiplierInsulation_Heat>0</StuffEffectMultiplierInsulation_Heat>
      <EquipDelay>5</EquipDelay>
    </statBases>
    <thingSetMakerTags>
      <li>RewardStandardLowFreq</li>
      <li>RewardStandardQualitySuper</li>
    </thingSetMakerTags>
    <equippedStatOffsets>
      <MoveSpeed>-0.08</MoveSpeed>
    </equippedStatOffsets>
    <apparel>
      <bodyPartGroups>
        <li>Torso</li>
        <li>Neck</li>
        <li>Shoulders</li>
        <li>Arms</li>
        <li>Hands</li>
        <li>Feet</li>
      </bodyPartGroups>
      <wornGraphicPath>Things/Pawn/Humanlike/Apparel/FGChestplate/FGChestplate</wornGraphicPath>
      <layers>
        <li>Middle</li>
      </layers>
      <tags>
        <li>FGMid</li>
      </tags>
    </apparel>
  </ThingDef>

  <ThingDef ParentName="ArmorSmithableBaseFG">
    <defName>Apparel_FGFullPlate</defName>
    <label>full plate</label>
    <description>Full plate with Boots and Gloves issued by The Freeguild. Offers great protection for valued memebers of the state army.</description>
    <recipeMaker>
      <unfinishedThingDef>UnfinishedMetallicTechArmor</unfinishedThingDef>
      <researchPrerequisite>FGApparelPlate</researchPrerequisite>
      <skillRequirements>
        <Crafting>7</Crafting>
      </skillRequirements>
    </recipeMaker>
    <graphicData>
      <texPath>Things/Pawn/Humanlike/Apparel/FGPlate/FGPlate</texPath>
      <graphicClass>Graphic_Single</graphicClass>
    </graphicData>
    <thingCategories>
      <li>Apparel</li>
    </thingCategories>
    <stuffCategories>
      <li>Metallic</li>
    </stuffCategories>
    <costStuffCount>180</costStuffCount>
    <statBases>
      <WorkToMake>42000</WorkToMake>
      <MaxHitPoints>290</MaxHitPoints>
      <Mass>15</Mass>
      <StuffEffectMultiplierArmor>0.92</StuffEffectMultiplierArmor>
      <StuffEffectMultiplierInsulation_Cold>1.0</StuffEffectMultiplierInsulation_Cold>
      <StuffEffectMultiplierInsulation_Heat>-0.02</StuffEffectMultiplierInsulation_Heat>
      <EquipDelay>15</EquipDelay>
    </statBases>
    <thingSetMakerTags>
      <li>RewardStandardLowFreq</li>
      <li>RewardStandardQualitySuper</li>
    </thingSetMakerTags>
    <equippedStatOffsets>
      <MoveSpeed>-0.5</MoveSpeed>
    </equippedStatOffsets>
    <apparel>
      <bodyPartGroups>
        <li>Torso</li>
        <li>Neck</li>
        <li>Shoulders</li>
        <li>Arms</li>
        <li>Legs</li>
        <li>Hands</li>
        <li>Feet</li>
      </bodyPartGroups>
      <wornGraphicPath>Things/Pawn/Humanlike/Apparel/FGPlate/FGPlate</wornGraphicPath>
      <layers>
        <li>Middle</li>
        <li>Shell</li>
      </layers>
      <tags>
        <li>FGHigh</li>
      </tags>
    </apparel>
  </ThingDef>

  <!-- Armour Headgear-->

  <ThingDef ParentName="ArmorHelmetMakeableBase">
    <defName>Apparel_FGSkullcap</defName>
    <label>skullcap</label>
    <description>A solid skullcap for protecion of your skull.</description>
    <techLevel>Medieval</techLevel>
    <graphicData>
      <texPath>Things/Pawn/Humanlike/Apparel/FGSkullcap/FGSkullcap</texPath>
      <graphicClass>Graphic_Single</graphicClass>
    </graphicData>
    <uiIconScale>1.4</uiIconScale>
    <stuffCategories>
      <li>Metallic</li>
    </stuffCategories>
    <costStuffCount>50</costStuffCount>
    <statBases>
      <WorkToMake>3200</WorkToMake>
      <MaxHitPoints>100</MaxHitPoints>
      <Mass>2</Mass>
      <StuffEffectMultiplierArmor>0.6</StuffEffectMultiplierArmor>
      <StuffEffectMultiplierInsulation_Cold>0.15</StuffEffectMultiplierInsulation_Cold>
      <StuffEffectMultiplierInsulation_Heat>0</StuffEffectMultiplierInsulation_Heat>
      <EquipDelay>1.5</EquipDelay>
    </statBases>
    <recipeMaker>
      <recipeUsers>
        <li>ElectricSmithy</li>
        <li>FueledSmithy</li>
      </recipeUsers>
      <researchPrerequisite>Smithing</researchPrerequisite>
    </recipeMaker>
    <apparel>
      <bodyPartGroups>
        <li>UpperHead</li>
      </bodyPartGroups>
      <wornGraphicPath>Things/Pawn/Humanlike/Apparel/FGSkullcap/FGSkullcap</wornGraphicPath>
      <layers>
        <li>Overhead</li>
      </layers>
      <tags>
        <li>FGMid</li>
      </tags>
    </apparel>
  </ThingDef>

  <ThingDef ParentName="ArmorHelmetMakeableBase">
    <defName>Apparel_FGPadHelm</defName>
    <label>slanted helm</label>
    <description>A slanted helm issued by The Freeguild. The slanted sides offers a solid protection againts cuts without restricting the wearer.</description>
    <techLevel>Medieval</techLevel>
    <graphicData>
      <texPath>Things/Pawn/Humanlike/Apparel/FGPadHelm/FGPadHelm</texPath>
      <graphicClass>Graphic_Single</graphicClass>
    </graphicData>
    <uiIconScale>1.4</uiIconScale>
    <stuffCategories>
      <li>Metallic</li>
    </stuffCategories>
    <costStuffCount>75</costStuffCount>
    <statBases>
      <WorkToMake>4400</WorkToMake>
      <MaxHitPoints>100</MaxHitPoints>
      <Mass>1.8</Mass>
      <StuffEffectMultiplierArmor>0.8</StuffEffectMultiplierArmor>
      <StuffEffectMultiplierInsulation_Cold>0.15</StuffEffectMultiplierInsulation_Cold>
      <StuffEffectMultiplierInsulation_Heat>0</StuffEffectMultiplierInsulation_Heat>
      <EquipDelay>1.5</EquipDelay>
    </statBases>
    <apparel>
      <bodyPartGroups>
        <li>UpperHead</li>
      </bodyPartGroups>
      <wornGraphicPath>Things/Pawn/Humanlike/Apparel/FGPadHelm/FGPadHelm</wornGraphicPath>
      <layers>
        <li>Overhead</li>
      </layers>
      <tags>
        <li>FGHigh</li>
      </tags>
    </apparel>
    <recipeMaker>
      <recipeUsers>
        <li>ElectricSmithy</li>
        <li>FueledSmithy</li>
      </recipeUsers>
      <researchPrerequisite>FGApparelPlate</researchPrerequisite>
    </recipeMaker>
  </ThingDef>
  
</Defs>