﻿<?xml version="1.0" encoding="utf-8" ?>
<Defs>

  <!--  Base for Faction -->

  <PawnKindDef Name="FGBanditBaseFaction" Abstract="True">
    <defaultFactionType>FGBanditFaction</defaultFactionType>
    <race>Human</race>
    <invNutrition>1.22</invNutrition>
    <chemicalAddictionChance>0.05</chemicalAddictionChance>
    <invFoodDef>Pemmican</invFoodDef>
    <apparelIgnoreSeasons>true</apparelIgnoreSeasons>
    <apparelRequired>
      <li>Apparel_FGUniform</li>
    </apparelRequired>
  </PawnKindDef>

  <!--  Commander -->
  <!--  High tier -->

  <PawnKindDef ParentName="FGBanditBaseFaction">
    <defName>FG_BanditKnight</defName>
    <label>knight</label>
    <backstoryFiltersOverride>
      <li>
        <categories>
          <li>FGBandit</li>
        </categories>
      </li>
    </backstoryFiltersOverride>
    <combatPower>130</combatPower>
    <baseRecruitDifficulty>0.90</baseRecruitDifficulty>
    <minGenerationAge>25</minGenerationAge>
    <maxGenerationAge>999</maxGenerationAge>
    <itemQuality>Normal</itemQuality>
    <factionLeader>true</factionLeader>
    <canBeSapper>false</canBeSapper>
    <apparelMoney>800~1000</apparelMoney>
    <apparelRequired>
      <li>Apparel_FGFullPlate</li>
    </apparelRequired>
    <apparelTags>
      <li>FGHigh</li>
    </apparelTags>
    <weaponTags>
      <li>FGSword</li>
    </weaponTags>
    <weaponMoney>500~1000</weaponMoney>
    <initialWillRange>3~5</initialWillRange>
    <initialResistanceRange>19~30</initialResistanceRange>
  </PawnKindDef>

  <PawnKindDef ParentName="FGBanditBaseFaction">
    <defName>FG_BanditGunnerMid</defName>
    <label>handgunner</label>
    <backstoryFiltersOverride>
      <li>
        <categories>
          <li>FGBandit</li>
        </categories>
      </li>
    </backstoryFiltersOverride>
    <combatPower>90</combatPower>
    <apparelMoney>700~900</apparelMoney>
    <weaponMoney>450~500</weaponMoney>
    <apparelTags>
      <li>FGMid</li>
    </apparelTags>
    <weaponTags>
      <li>FGGun</li>
    </weaponTags>
    <initialWillRange>2~4</initialWillRange>
    <initialResistanceRange>14~22</initialResistanceRange>
  </PawnKindDef>

  <PawnKindDef ParentName="FGBanditBaseFaction">
    <defName>FG_BanditOutrunner</defName>
    <label>outrunner</label>
    <backstoryFiltersOverride>
      <li>
        <categories>
          <li>FGBandit</li>
        </categories>
      </li>
    </backstoryFiltersOverride>
    <combatPower>100</combatPower>
    <apparelMoney>700~900</apparelMoney>
    <weaponMoney>500~550</weaponMoney>
    <apparelTags>
      <li>FGMid</li>
    </apparelTags>
    <weaponTags>
      <li>FGBlunder</li>
    </weaponTags>
    <initialWillRange>2~4</initialWillRange>
    <initialResistanceRange>14~22</initialResistanceRange>
  </PawnKindDef>
  
  <!--  Mid tier -->

  <PawnKindDef ParentName="FGBanditBaseFaction">
    <defName>FG_BanditCrossbowMid</defName>
    <label>crossbowman</label>
    <backstoryFiltersOverride>
      <li>
        <categories>
          <li>FGBandit</li>
        </categories>
      </li>
    </backstoryFiltersOverride>
    <combatPower>75</combatPower>
    <gearHealthRange>0.5~1.8</gearHealthRange>
    <apparelMoney>400~800</apparelMoney>
    <weaponMoney>300~400</weaponMoney>
    <weaponTags>
      <li>FGCrossbow</li>
    </weaponTags>
    <apparelTags>
      <li>FGMid</li>
    </apparelTags>
    <initialWillRange>2~4</initialWillRange>
    <initialResistanceRange>10~16</initialResistanceRange>
  </PawnKindDef>

  <PawnKindDef ParentName="FGBanditBaseFaction">
    <defName>FG_BanditPikelow</defName>
    <label>pikeman</label>
    <backstoryFiltersOverride>
      <li>
        <categories>
          <li>FGBandit</li>
        </categories>
      </li>
    </backstoryFiltersOverride>
    <combatPower>60</combatPower>
    <itemQuality>Poor</itemQuality>
    <canBeSapper>true</canBeSapper>
    <gearHealthRange>0.5~1.8</gearHealthRange>
    <apparelMoney>400~800</apparelMoney>
    <weaponMoney>450~500</weaponMoney>
    <weaponTags>
      <li>FGSpear</li>
    </weaponTags>
    <apparelTags>
      <li>FGMid</li>
    </apparelTags>
    <initialWillRange>2~4</initialWillRange>
    <initialResistanceRange>10~16</initialResistanceRange>
  </PawnKindDef>

  <PawnKindDef ParentName="FGBanditBaseFaction">
    <defName>FG_BanditMixlow</defName>
    <label>ruffian</label>
    <backstoryFiltersOverride>
      <li>
        <categories>
          <li>FGBandit</li>
        </categories>
      </li>
    </backstoryFiltersOverride>
    <combatPower>50</combatPower>
    <itemQuality>Poor</itemQuality>
    <canBeSapper>true</canBeSapper>
    <gearHealthRange>0.5~1.8</gearHealthRange>
    <apparelMoney>250~400</apparelMoney>
    <weaponMoney>150~200</weaponMoney>
    <weaponTags>
      <li>MedievalMeleeDecent</li>
    </weaponTags>
    <apparelTags>
      <li>FGMid</li>
    </apparelTags>
    <initialWillRange>1~3</initialWillRange>
    <initialResistanceRange>5~9</initialResistanceRange>
  </PawnKindDef>

  <!--  Low tier -->

  <PawnKindDef ParentName="FGBanditBaseFaction">
    <defName>FG_BanditField</defName>
    <label>desperate</label>
    <backstoryFiltersOverride>
      <li>
        <categories>
          <li>FGBandit</li>
        </categories>
      </li>
    </backstoryFiltersOverride>
    <combatPower>48</combatPower>
    <canBeSapper>true</canBeSapper>
    <chemicalAddictionChance>0.10</chemicalAddictionChance>
    <invNutrition>0</invNutrition>
    <itemQuality>Poor</itemQuality>
    <gearHealthRange>0.2~1.1</gearHealthRange>
    <apparelMoney>150~200</apparelMoney>
    <weaponMoney>80~100</weaponMoney>
    <weaponTags>
      <li>MedievalMeleeBasic</li>
      <li>NeolithicRangedBasic</li>
    </weaponTags>
    <apparelTags>
      <li>FGLow</li>
    </apparelTags>
    <techHediffsMoney>50~50</techHediffsMoney>
    <techHediffsTags>
      <li>Poor</li>
    </techHediffsTags>
    <techHediffsChance>0.05</techHediffsChance>
    <initialWillRange>0~1</initialWillRange>
    <initialResistanceRange>10~17</initialResistanceRange>
  </PawnKindDef>

</Defs>