﻿<?xml version="1.0" encoding="utf-8" ?>
<Defs>

  <!--  Base for Faction -->

  <PawnKindDef Name="FGBaseFaction" Abstract="True">
    <defaultFactionType>FGFreeGuildFaction</defaultFactionType>
    <race>Human</race>
    <invNutrition>1.22</invNutrition>
    <chemicalAddictionChance>0.05</chemicalAddictionChance>
    <invFoodDef>Pemmican</invFoodDef>
    <apparelIgnoreSeasons>true</apparelIgnoreSeasons>
    <apparelRequired>
      <li>Apparel_FGUniform</li>
    </apparelRequired>
  </PawnKindDef>

  <!--  Commander -->

  <PawnKindDef ParentName="FGBaseFaction">
    <defName>FG_CommanderKnight</defName>
    <label>Free Guild knight</label>
    <backstoryFiltersOverride>
      <li>
        <categories>
          <li>FGFieldCommander</li>
        </categories>
      </li>
    </backstoryFiltersOverride>
    <combatPower>130</combatPower>
    <baseRecruitDifficulty>0.90</baseRecruitDifficulty>
    <minGenerationAge>25</minGenerationAge>
    <maxGenerationAge>999</maxGenerationAge>
    <itemQuality>Normal</itemQuality>
    <factionLeader>True</factionLeader>
    <canBeSapper>false</canBeSapper>
    <apparelMoney>800~1200</apparelMoney>
    <apparelRequired>
      <li>Apparel_FGFullPlate</li>
    </apparelRequired>
    <apparelTags>
      <li>FGHigh</li>
    </apparelTags>
    <weaponTags>
      <li>FGSword</li>
    </weaponTags>
    <weaponMoney>700~1200</weaponMoney>
    <initialWillRange>3~5</initialWillRange>
    <initialResistanceRange>19~30</initialResistanceRange>
  </PawnKindDef>

  <!--  High tier -->

  <PawnKindDef ParentName="FGBaseFaction">
    <defName>FG_Knight</defName>
    <label>Free Guild knight</label>
    <backstoryFiltersOverride>
      <li>
        <categories>
          <li>FGFieldKnight</li>
        </categories>
      </li>
    </backstoryFiltersOverride>
    <combatPower>130</combatPower>
    <baseRecruitDifficulty>0.90</baseRecruitDifficulty>
    <minGenerationAge>25</minGenerationAge>
    <maxGenerationAge>999</maxGenerationAge>
    <itemQuality>Normal</itemQuality>
    <factionLeader>false</factionLeader>
    <canBeSapper>false</canBeSapper>
    <apparelMoney>800~1000</apparelMoney>
    <apparelRequired>
      <li>Apparel_FGFullPlate</li>
    </apparelRequired>
    <apparelTags>
      <li>FGHigh</li>
    </apparelTags>
    <weaponTags>
      <li>FGSword</li>
    </weaponTags>
    <weaponMoney>500~1000</weaponMoney>
    <initialWillRange>3~5</initialWillRange>
    <initialResistanceRange>19~30</initialResistanceRange>
  </PawnKindDef>

  <PawnKindDef ParentName="FGBaseFaction">
    <defName>FG_GunnerMid</defName>
    <label>handgunner</label>
    <backstoryFiltersOverride>
      <li>
        <categories>
          <li>FGFieldSoldierRanged</li>
        </categories>
      </li>
    </backstoryFiltersOverride>
    <combatPower>90</combatPower>
    <apparelMoney>700~900</apparelMoney>
    <weaponMoney>450~500</weaponMoney>
    <apparelTags>
      <li>FGMid</li>
    </apparelTags>
    <weaponTags>
      <li>FGGun</li>
    </weaponTags>
    <initialWillRange>2~4</initialWillRange>
    <initialResistanceRange>14~22</initialResistanceRange>
  </PawnKindDef>

  <PawnKindDef ParentName="FGBaseFaction">
    <defName>FG_Outrunner</defName>
    <label>outrunner</label>
    <backstoryFiltersOverride>
      <li>
        <categories>
          <li>FGFieldSoldierRanged</li>
        </categories>
      </li>
    </backstoryFiltersOverride>
    <combatPower>100</combatPower>
    <apparelMoney>700~900</apparelMoney>
    <weaponMoney>500~550</weaponMoney>
    <apparelTags>
      <li>FGMid</li>
    </apparelTags>
    <weaponTags>
      <li>FGBlunder</li>
    </weaponTags>
    <initialWillRange>2~4</initialWillRange>
    <initialResistanceRange>14~22</initialResistanceRange>
  </PawnKindDef>
  
  <!--  Mid tier -->

  <PawnKindDef ParentName="FGBaseFaction">
    <defName>FG_PikeMid</defName>
    <label>pike troop</label>
    <backstoryFiltersOverride>
      <li>
        <categories>
          <li>FGFieldSoldier</li>
        </categories>
      </li>
    </backstoryFiltersOverride>
    <combatPower>90</combatPower>
    <itemQuality>Normal</itemQuality>
    <canBeSapper>false</canBeSapper>
    <gearHealthRange>0.8~1.8</gearHealthRange>
    <apparelMoney>600~900</apparelMoney>
    <weaponMoney>500~700</weaponMoney>
    <weaponTags>
      <li>FGSpear</li>
    </weaponTags>
    <apparelTags>
      <li>FGMid</li>
    </apparelTags>
    <initialWillRange>2~4</initialWillRange>
    <initialResistanceRange>14~22</initialResistanceRange>
  </PawnKindDef>

  <PawnKindDef ParentName="FGBaseFaction">
    <defName>FG_CrossbowMid</defName>
    <label>militia crossbow</label>
    <backstoryFiltersOverride>
      <li>
        <categories>
          <li>FGFieldRanged</li>
        </categories>
      </li>
    </backstoryFiltersOverride>
    <combatPower>75</combatPower>
    <gearHealthRange>0.5~1.8</gearHealthRange>
    <apparelMoney>400~800</apparelMoney>
    <weaponMoney>300~400</weaponMoney>
    <weaponTags>
      <li>FGCrossbow</li>
    </weaponTags>
    <apparelTags>
      <li>FGMid</li>
    </apparelTags>
    <initialWillRange>2~4</initialWillRange>
    <initialResistanceRange>10~16</initialResistanceRange>
  </PawnKindDef>

  <PawnKindDef ParentName="FGBaseFaction">
    <defName>FG_Pikelow</defName>
    <label>militia pike</label>
    <backstoryFiltersOverride>
      <li>
        <categories>
          <li>FGFieldMelee</li>
        </categories>
      </li>
    </backstoryFiltersOverride>
    <combatPower>60</combatPower>
    <itemQuality>Poor</itemQuality>
    <canBeSapper>true</canBeSapper>
    <gearHealthRange>0.5~1.8</gearHealthRange>
    <apparelMoney>400~800</apparelMoney>
    <weaponMoney>300~500</weaponMoney>
    <weaponTags>
      <li>FGSpear</li>
    </weaponTags>
    <apparelTags>
      <li>FGMid</li>
    </apparelTags>
    <initialWillRange>2~4</initialWillRange>
    <initialResistanceRange>10~16</initialResistanceRange>
  </PawnKindDef>

  <!--  Low tier -->

  <PawnKindDef ParentName="FGBaseFaction">
    <defName>FG_Field</defName>
    <label>camp personnel</label>
    <backstoryFiltersOverride>
      <li>
        <categories>
          <li>FGField</li>
        </categories>
      </li>
    </backstoryFiltersOverride>
    <trader>true</trader>
    <combatPower>48</combatPower>
    <canBeSapper>true</canBeSapper>
    <chemicalAddictionChance>0.10</chemicalAddictionChance>
    <invNutrition>0</invNutrition>
    <itemQuality>Poor</itemQuality>
    <gearHealthRange>0.2~1.1</gearHealthRange>
    <apparelMoney>150~400</apparelMoney>
    <weaponMoney>100~150</weaponMoney>
    <weaponTags>
      <li>MedievalMeleeBasic</li>
      <li>NeolithicRangedBasic</li>
    </weaponTags>
    <apparelTags>
      <li>FGLow</li>
    </apparelTags>
    <techHediffsMoney>50~50</techHediffsMoney>
    <techHediffsTags>
      <li>Poor</li>
    </techHediffsTags>
    <techHediffsChance>0.05</techHediffsChance>
    <initialWillRange>0~1</initialWillRange>
    <initialResistanceRange>10~17</initialResistanceRange>
  </PawnKindDef>

  <PawnKindDef ParentName="FGBaseFaction">
    <defName>FG_Civil</defName>
    <label>citizen</label>
    <backstoryFiltersOverride>
      <li>
        <categories>
          <li>FGNonCombatant</li>
        </categories>
      </li>
    </backstoryFiltersOverride>
    <trader>true</trader>
    <combatPower>35</combatPower>
    <canBeSapper>true</canBeSapper>
    <chemicalAddictionChance>0.10</chemicalAddictionChance>
    <invNutrition>0</invNutrition>
    <itemQuality>Poor</itemQuality>
    <gearHealthRange>0.2~1.1</gearHealthRange>
    <apparelMoney>150~200</apparelMoney>
    <weaponMoney>90~150</weaponMoney>
    <weaponTags>
      <li>MedievalMeleeBasic</li>
      <li>NeolithicRangedBasic</li>
      <li>FGTradeTools</li>
    </weaponTags>
    <apparelTags>
      <li>FGLow</li>
    </apparelTags>
    <techHediffsMoney>50~50</techHediffsMoney>
    <techHediffsTags>
      <li>Poor</li>
    </techHediffsTags>
    <techHediffsChance>0.15</techHediffsChance>
    <initialWillRange>0~1</initialWillRange>
    <initialResistanceRange>10~17</initialResistanceRange>
  </PawnKindDef>

</Defs>