﻿<?xml version="1.0" encoding="utf-8" ?>

<Defs>

  <FactionDef>
		<defName>FGBanditFaction</defName>
		<label>Roaming bandits</label>
    <pawnSingular>Bandit</pawnSingular>
    <pawnsPlural>Bandits</pawnsPlural>
    <fixedName>Roaming Bandits</fixedName>
    <requiredCountAtGameStart>1</requiredCountAtGameStart>
    <backstoryFilters>
      <li>
        <categories>
          <li>FGBandit</li>
        </categories>
      </li>
    </backstoryFilters>
    <canMakeRandomly>false</canMakeRandomly>
    <canSiege>false</canSiege>
    <canStageAttacks>true</canStageAttacks>
    <humanlikeFaction>false</humanlikeFaction>
    <hidden>true</hidden>
    <rescueesCanJoin>true</rescueesCanJoin>
    <autoFlee>true</autoFlee>
    <canUseAvoidGrid>false</canUseAvoidGrid>
    <techLevel>Medieval</techLevel>
    <permanentEnemy>True</permanentEnemy>
    <pawnNameMaker>NamerFGPeople</pawnNameMaker>
    <earliestRaidDays>1</earliestRaidDays>
    <hairTags>
      <li>Tribal</li>
      <li>Rural</li>
    </hairTags>
<allowedArrivalTemperatureRange>-50~45</allowedArrivalTemperatureRange>
    <maxPawnCostPerTotalPointsCurve>
      <points>
        <li>(0,35)</li>
        <li>(70, 50)</li>
        <li>(700, 100)</li>
        <li>(1300, 150)</li>
        <li>(100000, 10000)</li>
      </points>
    </maxPawnCostPerTotalPointsCurve>
    <pawnGroupMakers>
      <li>
        <!-- mid -->
        <kindDef>Combat</kindDef>
        <commonality>50</commonality>
        <options>
          <FG_BanditField>8</FG_BanditField>
          <FG_BanditMixlow>15</FG_BanditMixlow>
          <FG_BanditPikelow>5</FG_BanditPikelow>
          <FG_BanditCrossbowMid>5</FG_BanditCrossbowMid>
          <FG_BanditGunnerMid>3</FG_BanditGunnerMid>
          <FG_BanditOutrunner>2</FG_BanditOutrunner>
          <FG_BanditKnight>1</FG_BanditKnight>
        </options>
      </li>
      <li>
        <!-- low -->
        <kindDef>Combat</kindDef>
        <commonality>40</commonality>
        <options>
          <FG_BanditField>10</FG_BanditField>
          <FG_BanditMixlow>10</FG_BanditMixlow>
          <FG_BanditPikelow>5</FG_BanditPikelow>
          <FG_BanditCrossbowMid>5</FG_BanditCrossbowMid>
        </options>
      </li>
    </pawnGroupMakers>
  </FactionDef>

</Defs>