﻿<?xml version="1.0" encoding="utf-8" ?>

<Defs>

  <FactionDef ParentName="PlayerFactionBase">
    <defName>FGPlayerFreeGuild</defName>
    <label>Free People</label>
    <description>Former denizen of The Empire.</description>
    <isPlayer>true</isPlayer>
    <pawnSingular>free people</pawnSingular>
    <pawnsPlural>free peoples</pawnsPlural>
    <basicMemberKind>FG_PlayerField</basicMemberKind>
    <techLevel>Medieval</techLevel>
    <backstoryFilters>
      <li>
        <categories>
          <li>FGBandit</li>
        </categories>
      </li>
    </backstoryFilters>
    <factionIconPath>World/WorldObjects/Expanding/Town</factionIconPath>
    <playerInitialSettlementNameMaker>NamerInitialSettlementColony</playerInitialSettlementNameMaker>
    <factionNameMaker>NamerFactionOutlander</factionNameMaker>
    <settlementNameMaker>NamerFGBase</settlementNameMaker>
    <startingResearchTags>
      <li>TribalStart</li>
    </startingResearchTags>
    <allowedCultures><li>FGFreePeople</li></allowedCultures>
    <requiredMemes>
      <li MayRequire="Ludeon.RimWorld.Ideology">Structure_TheistEmbodied</li>
      <li MayRequire="Ludeon.RimWorld.Ideology">HumanPrimacy</li>
    </requiredMemes>
    <disallowedMemes>
    <li MayRequire="Ludeon.RimWorld.Ideology">Cannibal</li>
      <li MayRequire="Ludeon.RimWorld.Ideology">Nudism</li>
      <li MayRequire="Ludeon.RimWorld.Ideology">AnimalPersonhood</li>
      <li MayRequire="Ludeon.RimWorld.Ideology">TreeConnection</li>
      <li MayRequire="Ludeon.RimWorld.Ideology">NaturePrimacy</li>
    </disallowedMemes>
    <structureMemeWeights>
      <Structure_TheistEmbodied MayRequire="Ludeon.RimWorld.Ideology">2</Structure_TheistEmbodied>
      <Structure_TheistAbstract MayRequire="Ludeon.RimWorld.Ideology">0</Structure_TheistAbstract>
      <Structure_Ideological MayRequire="Ludeon.RimWorld.Ideology">0</Structure_Ideological>
      <Structure_Archist MayRequire="Ludeon.RimWorld.Ideology">0</Structure_Archist>
      <Structure_OriginChristian MayRequire="Ludeon.RimWorld.Ideology">0</Structure_OriginChristian>
      <Structure_OriginIslamic MayRequire="Ludeon.RimWorld.Ideology">0</Structure_OriginIslamic>
      <Structure_OriginHindu MayRequire="Ludeon.RimWorld.Ideology">0</Structure_OriginHindu>
      <Structure_OriginBuddhist MayRequire="Ludeon.RimWorld.Ideology">0</Structure_OriginBuddhist>
    </structureMemeWeights>
    <raidLootMaker>TribeRaidLootMaker</raidLootMaker>
    <raidLootValueFromPointsCurve>
      <points>
        <li>(35,     15)</li>
        <li>(100,   120)</li>
        <li>(1000,  500)</li>
        <li>(2000,  800)</li>
        <li>(4000, 1000)</li>
      </points>
    </raidLootValueFromPointsCurve>
    <apparelStuffFilter>
      <thingDefs>
        <li>Cloth</li>
      </thingDefs>
    </apparelStuffFilter>
    <recipePrerequisiteTags>
      <li>Tribal</li>
    </recipePrerequisiteTags>
  </FactionDef>

</Defs>