﻿<?xml version="1.0" encoding="utf-8" ?>

<Defs>

<FactionDef>
		<defName>FGBanditFaction</defName>
		<label>Roaming bandits</label>
    <pawnSingular>Bandit</pawnSingular>
    <pawnsPlural>Bandits</pawnsPlural>
    <fixedName>Roaming Bandits</fixedName>
  <settlementNameMaker>NamerFGBaseBandits</settlementNameMaker>
    <description>Humans scattered from the old Empire of Man, living life as bandits.</description>
    <backstoryFilters>
      <li>
        <categories>
          <li>FGBandit</li>
        </categories>
      </li>
    </backstoryFilters>
    <maxConfigurableAtWorldCreation>9999</maxConfigurableAtWorldCreation>
    <configurationListOrderPriority>66</configurationListOrderPriority>
    <settlementGenerationWeight>0.7</settlementGenerationWeight>
    <requiredCountAtGameStart>1</requiredCountAtGameStart>
    <canSiege>false</canSiege>
    <canStageAttacks>true</canStageAttacks>
    <factionIconPath>Things/World/FGIconB</factionIconPath>
    <colorSpectrum>
      <li>(0.78, 0, 0.27)</li>
      <li>(1, 0.74, 0.83)</li>
    </colorSpectrum>
    <settlementTexturePath>World/WorldObjects/DefaultSettlement</settlementTexturePath>
	  <leaderTitle>Boss</leaderTitle>
    <techLevel>Medieval</techLevel>
  <hostileToFactionlessHumanlikes>true</hostileToFactionlessHumanlikes>
    <permanentEnemy>true</permanentEnemy>
    <earliestRaidDays>1</earliestRaidDays>
    <allowedCultures><li>FGFreePeople</li></allowedCultures>
    <requiredMemes>
      <li MayRequire="Ludeon.RimWorld.Ideology">Structure_TheistEmbodied</li>
      <li MayRequire="Ludeon.RimWorld.Ideology">Supremacist</li>
    </requiredMemes>
    <disallowedMemes>
     <li MayRequire="Ludeon.RimWorld.Ideology">HighLife</li>
      <li MayRequire="Ludeon.RimWorld.Ideology">FleshPurity</li>
      <li MayRequire="Ludeon.RimWorld.Ideology">Nudism</li>
      <li MayRequire="Ludeon.RimWorld.Ideology">TreeConnection</li>
    </disallowedMemes>
    <structureMemeWeights>
      <Structure_TheistEmbodied MayRequire="Ludeon.RimWorld.Ideology">2</Structure_TheistEmbodied>
      <Structure_TheistAbstract MayRequire="Ludeon.RimWorld.Ideology">0</Structure_TheistAbstract>
      <Structure_Ideological MayRequire="Ludeon.RimWorld.Ideology">0</Structure_Ideological>
      <Structure_Archist MayRequire="Ludeon.RimWorld.Ideology">0</Structure_Archist>
      <Structure_OriginChristian MayRequire="Ludeon.RimWorld.Ideology">0</Structure_OriginChristian>
      <Structure_OriginIslamic MayRequire="Ludeon.RimWorld.Ideology">0</Structure_OriginIslamic>
      <Structure_OriginHindu MayRequire="Ludeon.RimWorld.Ideology">0</Structure_OriginHindu>
      <Structure_OriginBuddhist MayRequire="Ludeon.RimWorld.Ideology">0</Structure_OriginBuddhist>
    </structureMemeWeights>
<allowedArrivalTemperatureRange>-50~45</allowedArrivalTemperatureRange>
    <raidLootMaker>TribeRaidLootMaker</raidLootMaker>
    <raidLootValueFromPointsCurve>
      <points>
        <li>(35,     15)</li>
        <li>(100,   120)</li>
        <li>(1000,  500)</li>
        <li>(2000,  800)</li>
        <li>(4000, 1000)</li>
      </points>
    </raidLootValueFromPointsCurve>
    <maxPawnCostPerTotalPointsCurve>
      <points>
        <li>(0,35)</li>
        <li>(70, 50)</li>
        <li>(700, 100)</li>
        <li>(1300, 150)</li>
        <li>(100000, 10000)</li>
      </points>
    </maxPawnCostPerTotalPointsCurve>
    <pawnGroupMakers>
      <li>
        <kindDef>Settlement</kindDef>
        <options>
          <FG_BanditField>5</FG_BanditField>
          <FG_BanditMixlow>8</FG_BanditMixlow>
          <FG_Pikelow>8</FG_Pikelow>
          <FG_BanditCrossbowMid>8</FG_BanditCrossbowMid>
          <FG_BanditPikelow>10</FG_BanditPikelow>
          <FG_BanditGunnerMid>7</FG_BanditGunnerMid>
          <FG_BanditOutrunner>5</FG_BanditOutrunner>
          <FG_BanditKnight>4</FG_BanditKnight>
        </options>
      </li>
      <li MayRequire="Ludeon.RimWorld.Ideology">
        <kindDef>Miners</kindDef>
        <commonality>1</commonality>
        <options>
            <FG_BanditField>5</FG_BanditField>
            <FG_BanditMixlow>5</FG_BanditMixlow>
            <FG_Pikelow>2</FG_Pikelow>
            <FG_BanditCrossbowMid>1</FG_BanditCrossbowMid>
        </options>
      </li>
      <li MayRequire="Ludeon.RimWorld.Ideology">
        <kindDef>Hunters</kindDef>
        <commonality>1</commonality>
        <options>
          <FG_BanditField>1</FG_BanditField>
          <FG_BanditMixlow>1</FG_BanditMixlow>
          <FG_GunnerMid>3</FG_GunnerMid>
          <FG_BanditGunnerMid>5</FG_BanditGunnerMid>
        </options>
      </li>
      <li MayRequire="Ludeon.RimWorld.Ideology">
        <kindDef>Loggers</kindDef>
        <commonality>1</commonality>
        <options>
          <FG_BanditField>5</FG_BanditField>
          <FG_BanditMixlow>5</FG_BanditMixlow>
          <FG_Pikelow>1</FG_Pikelow>
          <FG_BanditCrossbowMid>2</FG_BanditCrossbowMid>
        </options>
      </li>
      <li MayRequire="Ludeon.RimWorld.Ideology">
        <kindDef>Farmers</kindDef>
        <commonality>1</commonality>
        <options>
          <FG_BanditField>5</FG_BanditField>
          <FG_BanditMixlow>5</FG_BanditMixlow>
          <FG_Pikelow>3</FG_Pikelow>
          <FG_BanditGunnerMid>2</FG_BanditGunnerMid>
        </options>
      </li>
      <li>
        <!-- high -->
        <kindDef>Combat</kindDef>
        <commonality>50</commonality>
        <options>
          <FG_BanditField>1</FG_BanditField>
          <FG_BanditMixlow>2</FG_BanditMixlow>
          <FG_BanditPikelow>5</FG_BanditPikelow>
          <FG_BanditCrossbowMid>7</FG_BanditCrossbowMid>
          <FG_BanditGunnerMid>7</FG_BanditGunnerMid>
          <FG_BanditOutrunner>5</FG_BanditOutrunner>
          <FG_BanditKnight>4</FG_BanditKnight>
        </options>
      </li>
      <li>
        <!-- mid -->
        <kindDef>Combat</kindDef>
        <commonality>50</commonality>
        <options>
          <FG_BanditField>8</FG_BanditField>
          <FG_BanditMixlow>15</FG_BanditMixlow>
          <FG_BanditPikelow>5</FG_BanditPikelow>
          <FG_BanditCrossbowMid>5</FG_BanditCrossbowMid>
          <FG_BanditGunnerMid>3</FG_BanditGunnerMid>
          <FG_BanditOutrunner>2</FG_BanditOutrunner>
          <FG_BanditKnight>1</FG_BanditKnight>
        </options>
      </li>
      <li>
        <!-- low -->
        <kindDef>Combat</kindDef>
        <commonality>40</commonality>
        <options>
          <FG_BanditField>10</FG_BanditField>
          <FG_BanditMixlow>10</FG_BanditMixlow>
          <FG_BanditPikelow>5</FG_BanditPikelow>
          <FG_BanditCrossbowMid>5</FG_BanditCrossbowMid>
        </options>
      </li>
    </pawnGroupMakers>
  </FactionDef>

</Defs>