<?xml version="1.0" encoding="utf-8" ?>
<Defs>
  
  <!-- Nordland -->

  <AlienRace.BackstoryDef>
    <defName>FGNordDock</defName>
    <title>dockworker nordlander</title>
    <titleShort>dockworker</titleShort>
    <baseDescription>[PAWN_nameDef]s father was a dock worker in the province of Nordland and [PAWN_possessive] mother tended to their home. [PAWN_pronoun] spent [PAWN_possessive] childhood playing on the docks and occasionally earned some coins by helping the dockworkers.</baseDescription>
    <bodyTypeMale>Male</bodyTypeMale>
    <bodyTypeFemale>Thin</bodyTypeFemale>
    <slot>Childhood</slot>
    <skillGains>
      <li>
        <defName>Melee</defName>
        <amount>1</amount>
      </li>
      <li>
        <defName>Construction</defName>
        <amount>1</amount>
      </li>
    </skillGains>
    <forcedTraits>
      <li>
        <defName>Abrasive</defName>
        <chance>10</chance>
      </li>
    </forcedTraits>
    <spawnCategories>
      <li>FGBandit</li>
      <li>FGNord</li>
      <li>FGNonCombatant</li>
      <li>FGFieldMelee</li>
      <li>FGFieldSoldier</li>
      <li>FGFieldSoldierRanged</li>
      <li>FGFieldRanged</li>
      <li>FGSpawn</li>
      <li>FGField</li>
      <li>FGFieldKnight</li>
      <li>FGFieldCommander</li>
    </spawnCategories>
  </AlienRace.BackstoryDef>

  <AlienRace.BackstoryDef>
    <defName>FGNordWright</defName>
    <title>shipwright nordlander</title>
    <titleShort>shipwright</titleShort>
    <baseDescription>[PAWN_nameDef] comes from a lineage of nordlander shipwrights. [PAWN_possessive] Family had been building ships at the docks arcoss the Nordland for generations and [PAWN_pronoun] was from a young age taught how to do it aswell.</baseDescription>
    <bodyTypeMale>Male</bodyTypeMale>
    <bodyTypeFemale>Female</bodyTypeFemale>
    <slot>Childhood</slot>
    <skillGains>
      <li>
        <defName>Construction</defName>
        <amount>2</amount>
      </li>
      <li>
        <defName>Crafting</defName>
        <amount>1</amount>
      </li>
    </skillGains>
    <forcedTraits>
      <li>
        <defName>Tough</defName>
        <chance>30</chance>
      </li>
    </forcedTraits>
    <spawnCategories>
      <li>FGNord</li>
      <li>FGNonCombatant</li>
      <li>FGFieldMelee</li>
      <li>FGFieldSoldier</li>
      <li>FGBandit</li>
      <li>FGFieldSoldierRanged</li>
      <li>FGFieldRanged</li>
      <li>FGSpawn</li>
      <li>FGField</li>
      <li>FGFieldKnight</li>
      <li>FGFieldCommander</li>
    </spawnCategories>
    <requiredWorkTags>
      <li>Crafting</li>
    </requiredWorkTags>
  </AlienRace.BackstoryDef>

  <AlienRace.BackstoryDef>
    <defName>FGNordSailor</defName>
    <title>sailor nordlander</title>
    <titleShort>sailor</titleShort>
    <baseDescription>[PAWN_nameDef] hails from the costal province of Nordland. [PAWN_possessive] a sailor, often gone from home for many months at a time. [PAWN_nameDef] had constantly help [PAWN_possessive] mother at home in his absence.</baseDescription>
    <bodyTypeMale>Thin</bodyTypeMale>
    <bodyTypeFemale>Thin</bodyTypeFemale>
    <slot>Childhood</slot>
    <skillGains>
      <li>
        <defName>Cooking</defName>
        <amount>2</amount>
      </li>
      <li>
        <defName>Medicine</defName>
        <amount>1</amount>
      </li>
      <li>
        <defName>Social</defName>
        <amount>1</amount>
      </li>
    </skillGains>
    <forcedTraits>
      <li>
        <defName>Abrasive</defName>
        <chance>25</chance>
      </li>
    </forcedTraits>
    <spawnCategories>
      <li>FGNord</li>
      <li>FGField</li>
      <li>FGFieldRanged</li>
      <li>FGNonCombatant</li>
      <li>FGFieldMelee</li>
      <li>FGFieldSoldier</li>
      <li>FGFieldSoldierRanged</li>
      <li>FGSpawn</li>
      <li>FGFieldKnight</li>
      <li>FGFieldCommander</li>
      <li>FGBandit</li>
    </spawnCategories>
    <requiredWorkTags>
      <li>Caring</li>
      <li>Cooking</li>
    </requiredWorkTags>
  </AlienRace.BackstoryDef>

  <AlienRace.BackstoryDef>
    <defName>FGNordMarine</defName>
    <title>marine nordlander</title>
    <titleShort>marine</titleShort>
    <baseDescription>[PAWN_nameDef] born to a lineage of soldiers who has served the Nordland Marines for generations. [PAWN_pronoun] followed [PAWN_possessive] father whenever he was home, learning how fight, mend and tend the ship.</baseDescription>
    <bodyTypeMale>Male</bodyTypeMale>
    <bodyTypeFemale>Female</bodyTypeFemale>
    <slot>Childhood</slot>
    <skillGains>
      <li>
        <defName>Crafting</defName>
        <amount>1</amount>
      </li>
      <li>
        <defName>Melee</defName>
        <amount>2</amount>
      </li>
      <li>
        <defName>Construction</defName>
        <amount>1</amount>
      </li>
    </skillGains>
    <forcedTraits>
      <li>
        <defName>Nimble</defName>
        <chance>25</chance>
      </li>
      <li>
        <defName>Brawler</defName>
        <chance>25</chance>
      </li>
    </forcedTraits>
    <spawnCategories>
      <li>FGNord</li>
      <li>FGField</li>
      <li>FGNonCombatant</li>
      <li>FGFieldMelee</li>
      <li>FGFieldSoldier</li>
      <li>FGFieldRanged</li>
      <li>FGFieldSoldierRanged</li>
      <li>FGSpawn</li>
      <li>FGFieldKnight</li>
      <li>FGFieldCommander</li>
      <li>FGBandit</li>
    </spawnCategories>
    <requiredWorkTags>
      <li>Violent</li>
      <li>Crafting</li>
    </requiredWorkTags>
  </AlienRace.BackstoryDef>

  <AlienRace.BackstoryDef>
    <defName>FGNordPirate</defName>
    <title>pirate nordlander</title>
    <titleShort>pirate</titleShort>
    <baseDescription>[PAWN_nameDef] born to a family of nordlander outcasts. [PAWN_pronoun] lived a rough life among a group of pirates, but during [PAWN_possessive] time with them [PAWN_pronoun] learned many things.</baseDescription>
    <bodyTypeMale>Male</bodyTypeMale>
    <bodyTypeFemale>Female</bodyTypeFemale>
    <slot>Childhood</slot>
    <skillGains>
      <li>
        <defName>Shooting</defName>
        <amount>1</amount>
      </li>
      <li>
        <defName>Melee</defName>
        <amount>2</amount>
      </li>
      <li>
        <defName>Construction</defName>
        <amount>1</amount>
      </li>
    </skillGains>
    <forcedTraits>
      <li>
        <defName>Brawler</defName>
        <chance>30</chance>
      </li>
      <li>
        <defName>Abrasive</defName>
        <chance>80</chance>
      </li>
      <li>
        <defName>Xenophobia</defName>
        <degree>1</degree>
        <chance>75</chance>
      </li>
    </forcedTraits>
    <spawnCategories>
      <li>FGBandit</li>
      <li>FGNord</li>
      <li>FGNonCombatant</li>
      <li>FGFieldMelee</li>
      <li>FGFieldSoldier</li>
      <li>FGFieldSoldierRanged</li>
      <li>FGSpawn</li>
      <li>FGFieldRanged</li>
      <li>FGField</li>
      <li>FGFieldKnight</li>
      <li>FGFieldCommander</li>
    </spawnCategories>
    <requiredWorkTags>
      <li>Violent</li>
    </requiredWorkTags>
  </AlienRace.BackstoryDef>

  <AlienRace.BackstoryDef>
    <defName>FGNordFish</defName>
    <title>fishmonger nordlander</title>
    <titleShort>fishmonger</titleShort>
    <baseDescription>Born to a family of fishmongers in Nordland, [PAWN_nameDef] helped with gutting and selling the wares at the local markets.</baseDescription>
    <bodyTypeMale>Thin</bodyTypeMale>
    <bodyTypeFemale>Thin</bodyTypeFemale>
    <slot>Childhood</slot>
    <skillGains>
      <li>
        <defName>Animals</defName>
        <amount>1</amount>
      </li>
      <li>
        <defName>Social</defName>
        <amount>2</amount>
      </li>
    </skillGains>
    <forcedTraits>
      <li>
        <defName>Abrasive</defName>
        <chance>25</chance>
      </li>
    </forcedTraits>
    <spawnCategories>
      <li>FGBandit</li>
      <li>FGNord</li>
      <li>FGField</li>
      <li>FGNonCombatant</li>
      <li>FGFieldMelee</li>
      <li>FGFieldSoldier</li>
      <li>FGFieldSoldierRanged</li>
      <li>FGSpawn</li>
      <li>FGFieldKnight</li>
      <li>FGFieldRanged</li>
      <li>FGFieldCommander</li>
    </spawnCategories>
    <requiredWorkTags>
      <li>Social</li>
      <li>Animals</li>
    </requiredWorkTags>
  </AlienRace.BackstoryDef>

  <AlienRace.BackstoryDef>
    <defName>FGNordCivil</defName>
    <title>civil servant nordlander</title>
    <titleShort>civil servant</titleShort>
    <baseDescription>[PAWN_nameDef] spent [PAWN_possessive] childhood learning how to read and calculate. All to join the family lineage as bureaucrats among the Nordland trade offices.</baseDescription>
    <bodyTypeMale>Thin</bodyTypeMale>
    <bodyTypeFemale>Thin</bodyTypeFemale>
    <slot>Childhood</slot>
    <skillGains>
      <li>
        <defName>Social</defName>
        <amount>1</amount>
      </li>
      <li>
        <defName>Intellectual</defName>
        <amount>1</amount>
      </li>
    </skillGains>
    <forcedTraits>
      <li>
        <defName>TooSmart</defName>
        <chance>80</chance>
      </li>
    </forcedTraits>
    <spawnCategories>
      <li>FGBandit</li>
      <li>FGNord</li>
      <li>FGNonCombatant</li>
      <li>FGFieldMelee</li>
      <li>FGFieldSoldier</li>
      <li>FGFieldSoldierRanged</li>
      <li>FGSpawn</li>
      <li>FGField</li>
      <li>FGFieldRanged</li>
      <li>FGFieldKnight</li>
      <li>FGFieldCommander</li>
    </spawnCategories>
    <requiredWorkTags>
      <li>Social</li>
      <li>Intellectual</li>
    </requiredWorkTags>
  </AlienRace.BackstoryDef>

  <!-- Middenland -->

  <AlienRace.BackstoryDef>
    <defName>FGMiddenHeim</defName>
    <title>citizen middenlander</title>
    <titleShort>citizen</titleShort>
    <baseDescription>Born in the safe confinement of a Middenland city. [PAWN_nameDef] family lived in the city doing whatever menial labour that was available.</baseDescription>
    <bodyTypeMale>Thin</bodyTypeMale>
    <bodyTypeFemale>Thin</bodyTypeFemale>
    <slot>Childhood</slot>
    <skillGains>
      <li>
        <defName>Cooking</defName>
        <amount>1</amount>
      </li>
      <li>
        <defName>Crafting</defName>
        <amount>1</amount>
      </li>
      <li>
        <defName>Construction</defName>
        <amount>1</amount>
      </li>
    </skillGains>
    <forcedTraits>
      <li>
        <defName>Abrasive</defName>
        <chance>30</chance>
      </li>
    </forcedTraits>
    <spawnCategories>
      <li>FGBandit</li>
      <li>FGField</li>
      <li>FGMidden</li>
      <li>FGNonCombatant</li>
      <li>FGFieldMelee</li>
      <li>FGFieldSoldier</li>
      <li>FGFieldSoldierRanged</li>
      <li>FGSpawn</li>
      <li>FGFieldRanged</li>
      <li>FGFieldKnight</li>
      <li>FGFieldCommander</li>
    </spawnCategories>
    <requiredWorkTags>
      <li>Crafting</li>
      <li>Cooking</li>
    </requiredWorkTags>
  </AlienRace.BackstoryDef>

  <AlienRace.BackstoryDef>
    <defName>FGMiddenCivil</defName>
    <title>civil servant middenlander</title>
    <titleShort>civil</titleShort>
    <baseDescription>[PAWN_nameDef] comes from a lineage of middenlanders who has served as bureaucrats for generations.</baseDescription>
    <bodyTypeMale>Thin</bodyTypeMale>
    <bodyTypeFemale>Thin</bodyTypeFemale>
    <slot>Childhood</slot>
    <skillGains>
      <li>
        <defName>Social</defName>
        <amount>1</amount>
      </li>
      <li>
        <defName>Intellectual</defName>
        <amount>2</amount>
      </li>
    </skillGains>
    <forcedTraits>
      <li>
        <defName>Abrasive</defName>
        <chance>30</chance>
      </li>
    </forcedTraits>
    <spawnCategories>
      <li>FGMidden</li>
      <li>FGNonCombatant</li>
      <li>FGFieldMelee</li>
      <li>FGFieldSoldier</li>
      <li>FGBandit</li>
      <li>FGFieldSoldierRanged</li>
      <li>FGSpawn</li>
      <li>FGField</li>
      <li>FGFieldRanged</li>
      <li>FGFieldKnight</li>
      <li>FGFieldCommander</li>
    </spawnCategories>
    <requiredWorkTags>
      <li>Social</li>
      <li>Intellectual</li>
    </requiredWorkTags>
  </AlienRace.BackstoryDef>

  <AlienRace.BackstoryDef>
    <defName>FGMiddenCult</defName>
    <title>Ulric worshipper</title>
    <titleShort>worshipper</titleShort>
    <baseDescription>[PAWN_nameDef]s family were firm believers of The Cult of Ulric. [PAWN_pronoun] was often forced to watch and perfrom cermons.</baseDescription>
    <bodyTypeMale>Hulk</bodyTypeMale>
    <bodyTypeFemale>Female</bodyTypeFemale>
    <slot>Childhood</slot>
    <skillGains>
      <li>
        <defName>Melee</defName>
        <amount>3</amount>
      </li>
      <li>
        <defName>Medicine</defName>
        <amount>1</amount>
      </li>
    </skillGains>
    <forcedTraits>
      <li>
        <defName>Bloodlust</defName>
        <chance>70</chance>
      </li>
      <li>
        <defName>Tough</defName>
        <chance>50</chance>
      </li>
      <li>
        <defName>Abrasive</defName>
        <chance>80</chance>
      </li>
      <li>
        <defName>Brawler</defName>
        <chance>80</chance>
      </li>
    </forcedTraits>
    <spawnCategories>
      <li>FGBandit</li>
      <li>FGMidden</li>
      <li>FGFieldRanged</li>
      <li>FGNonCombatant</li>
      <li>FGFieldMelee</li>
      <li>FGFieldSoldier</li>
      <li>FGFieldSoldierRanged</li>
      <li>FGSpawn</li>
      <li>FGField</li>
      <li>FGFieldKnight</li>
      <li>FGFieldCommander</li>
    </spawnCategories>
    <requiredWorkTags>
      <li>Violent</li>
    </requiredWorkTags>
  </AlienRace.BackstoryDef>

  <AlienRace.BackstoryDef>
    <defName>FGMiddenSoldier</defName>
    <title>soldier middenlander</title>
    <titleShort>soldier</titleShort>
    <baseDescription>[PAWN_nameDef] born to a soldier of Middenland. [PAWN_pronoun] was taught how to wield weapons and maintain them.</baseDescription>
    <bodyTypeMale>Male</bodyTypeMale>
    <bodyTypeFemale>Female</bodyTypeFemale>
    <slot>Childhood</slot>
    <skillGains>
      <li>
        <defName>Crafting</defName>
        <amount>1</amount>
      </li>
      <li>
        <defName>Melee</defName>
        <amount>2</amount>
      </li>
    </skillGains>
    <forcedTraits>
      <li>
        <defName>Tough</defName>
        <chance>25</chance>
      </li>
      <li>
        <defName>Brawler</defName>
        <chance>40</chance>
      </li>
      <li>
        <defName>Abrasive</defName>
        <chance>50</chance>
      </li>
    </forcedTraits>
    <spawnCategories>
      <li>FGBandit</li>
      <li>FGMidden</li>
      <li>FGFieldRanged</li>
      <li>FGField</li>
      <li>FGNonCombatant</li>
      <li>FGFieldMelee</li>
      <li>FGFieldSoldier</li>
      <li>FGFieldSoldierRanged</li>
      <li>FGSpawn</li>
      <li>FGFieldKnight</li>
      <li>FGFieldCommander</li>
    </spawnCategories>
    <requiredWorkTags>
      <li>Violent</li>
      <li>Crafting</li>
    </requiredWorkTags>
  </AlienRace.BackstoryDef>

  <AlienRace.BackstoryDef>
    <defName>FGMiddenMilitia</defName>
    <title>militia middenlander</title>
    <titleShort>militia</titleShort>
    <baseDescription>[PAWN_nameDef] born to a familiy of menial labourers in Middenland. [PAWN_possessive] father was part of the local militia patroling the town and [PAWN_pronoun] was brought up to join their vigilant watch.</baseDescription>
    <bodyTypeMale>Male</bodyTypeMale>
    <bodyTypeFemale>Female</bodyTypeFemale>
    <slot>Childhood</slot>
    <skillGains>
      <li>
        <defName>Shooting</defName>
        <amount>1</amount>
      </li>
      <li>
        <defName>Melee</defName>
        <amount>1</amount>
      </li>
      <li>
        <defName>Construction</defName>
        <amount>1</amount>
      </li>
    </skillGains>
    <forcedTraits>
      <li>
        <defName>Brawler</defName>
        <chance>30</chance>
      </li>
      <li>
        <defName>Abrasive</defName>
        <chance>80</chance>
      </li>
      <li>
        <defName>Xenophobia</defName>
        <degree>1</degree>
        <chance>80</chance>
      </li>
    </forcedTraits>
    <spawnCategories>
      <li>FGMidden</li>
      <li>FGFieldRanged</li>
      <li>FGNonCombatant</li>
      <li>FGFieldMelee</li>
      <li>FGFieldSoldier</li>
      <li>FGFieldSoldierRanged</li>
      <li>FGSpawn</li>
      <li>FGField</li>
      <li>FGFieldKnight</li>
      <li>FGFieldCommander</li>
      <li>FGBandit</li>
    </spawnCategories>
    <requiredWorkTags>
      <li>Violent</li>
    </requiredWorkTags>
  </AlienRace.BackstoryDef>

  <AlienRace.BackstoryDef>
    <defName>FGMiddenRural</defName>
    <title>rural middenlander</title>
    <titleShort>rural</titleShort>
    <baseDescription>[PAWN_nameDef] spent [PAWN_possessive] childhood in the more rural country side of Middenland. Tending to farmwork and other menial labour around the homestead.</baseDescription>
    <bodyTypeMale>Thin</bodyTypeMale>
    <bodyTypeFemale>Thin</bodyTypeFemale>
    <slot>Childhood</slot>
    <skillGains>
      <li>
        <defName>Animals</defName>
        <amount>1</amount>
      </li>
      <li>
        <defName>Plants</defName>
        <amount>1</amount>
      </li>
      <li>
        <defName>Construction</defName>
        <amount>1</amount>
      </li>
    </skillGains>
    <forcedTraits>
      <li>
        <defName>Abrasive</defName>
        <chance>80</chance>
      </li>
      <li>
        <defName>Xenophobia</defName>
        <degree>1</degree>
        <chance>80</chance>
      </li>
    </forcedTraits>
    <spawnCategories>
      <li>FGMidden</li>
      <li>FGFieldRanged</li>
      <li>FGNonCombatant</li>
      <li>FGFieldMelee</li>
      <li>FGFieldSoldier</li>
      <li>FGFieldSoldierRanged</li>
      <li>FGSpawn</li>
      <li>FGFieldKnight</li>
      <li>FGFieldCommander</li>
      <li>FGBandit</li>
      <li>FGField</li>
    </spawnCategories>
    <requiredWorkTags>
      <li>PlantWork</li>
      <li>Animals</li>
    </requiredWorkTags>
  </AlienRace.BackstoryDef>
  
  <!-- Ostermark -->

  <AlienRace.BackstoryDef>
    <defName>FGOstermarkshipwright</defName>
    <title>shipwright ostermark</title>
    <titleShort>shipwright</titleShort>
    <baseDescription>Born in family of shipwrights in Ostermark. [PAWN_nameDef] spent [PAWN_possessive] time helping out with the crafting of riverboats that was to either be exported or keept within the province.</baseDescription>
    <bodyTypeMale>Thin</bodyTypeMale>
    <bodyTypeFemale>Thin</bodyTypeFemale>
    <slot>Childhood</slot>
    <skillGains>
      <li>
        <defName>Construction</defName>
        <amount>2</amount>
      </li>
      <li>
        <defName>Crafting</defName>
        <amount>2</amount>
      </li>
    </skillGains>
    <spawnCategories>
      <li>FGBandit</li>
      <li>FGField</li>
      <li>FGOstermark</li>
      <li>FGNonCombatant</li>
      <li>FGFieldMelee</li>
      <li>FGFieldRanged</li>
      <li>FGFieldSoldier</li>
      <li>FGFieldSoldierRanged</li>
      <li>FGSpawn</li>
      <li>FGFieldKnight</li>
      <li>FGFieldCommander</li>
    </spawnCategories>
    <requiredWorkTags>
      <li>Crafting</li>
    </requiredWorkTags>
  </AlienRace.BackstoryDef>

  <AlienRace.BackstoryDef>
    <defName>FGOstermarkForester</defName>
    <title>forester ostermark</title>
    <titleShort>forester</titleShort>
    <baseDescription>[PAWN_nameDef] trudged across the Ostermark lands foresting timber with [PAWN_possessive] father.</baseDescription>
    <bodyTypeMale>Male</bodyTypeMale>
    <bodyTypeFemale>Thin</bodyTypeFemale>
    <slot>Childhood</slot>
    <skillGains>
      <li>
        <defName>Cooking</defName>
        <amount>1</amount>
      </li>
      <li>
        <defName>Plants</defName>
        <amount>2</amount>
      </li>
      <li>
        <defName>Melee</defName>
        <amount>1</amount>
      </li>
    </skillGains>
    <forcedTraits>
      <li>
        <defName>Tough</defName>
        <chance>15</chance>
      </li>
    </forcedTraits>
    <spawnCategories>
      <li>FGBandit</li>
      <li>FGOstermark</li>
      <li>FGNonCombatant</li>
      <li>FGFieldMelee</li>
      <li>FGFieldRanged</li>
      <li>FGFieldSoldier</li>
      <li>FGFieldSoldierRanged</li>
      <li>FGSpawn</li>
      <li>FGField</li>
      <li>FGFieldKnight</li>
      <li>FGFieldCommander</li>
    </spawnCategories>
    <requiredWorkTags>
      <li>Cooking</li>
      <li>PlantWork</li>
    </requiredWorkTags>
  </AlienRace.BackstoryDef>

  <AlienRace.BackstoryDef>
    <defName>FGOstermarkHerder</defName>
    <title>shepherd ostermark</title>
    <titleShort>shepherd</titleShort>
    <baseDescription>[PAWN_nameDef] spent [PAWN_possessive] childhood herding the family sheep in the wet and foggy land of Ostermark.</baseDescription>
    <bodyTypeMale>Male</bodyTypeMale>
    <bodyTypeFemale>Thin</bodyTypeFemale>
    <slot>Childhood</slot>
    <skillGains>
      <li>
        <defName>Animals</defName>
        <amount>2</amount>
      </li>
      <li>
        <defName>Shooting</defName>
        <amount>1</amount>
      </li>
      <li>
        <defName>Medicine</defName>
        <amount>1</amount>
      </li>
    </skillGains>
    <spawnCategories>
      <li>FGBandit</li>
      <li>FGField</li>
      <li>FGOstermark</li>
      <li>FGNonCombatant</li>
      <li>FGFieldMelee</li>
      <li>FGFieldSoldier</li>
      <li>FGFieldSoldierRanged</li>
      <li>FGSpawn</li>
      <li>FGFieldRanged</li>
      <li>FGFieldKnight</li>
      <li>FGFieldCommander</li>
    </spawnCategories>
    <requiredWorkTags>
      <li>Violent</li>
      <li>Animals</li>
    </requiredWorkTags>
  </AlienRace.BackstoryDef>

  <AlienRace.BackstoryDef>
    <defName>FGOstermarkMilitia</defName>
    <title>militia Ostermark</title>
    <titleShort>militia</titleShort>
    <baseDescription>[PAWN_nameDef] born to a local militia man in the Ostermark. [PAWN_pronoun] spent the years being taught by [PAWN_possessive] father and the other militia men how to handle the weapons and spot danger. One day [PAWN_possessive] fathers group was lost in the moors.</baseDescription>
    <bodyTypeMale>Male</bodyTypeMale>
    <bodyTypeFemale>Female</bodyTypeFemale>
    <slot>Childhood</slot>
    <skillGains>
      <li>
        <defName>Shooting</defName>
        <amount>3</amount>
      </li>
      <li>
        <defName>Melee</defName>
        <amount>3</amount>
      </li>
    </skillGains>
    <forcedTraits>
      <li>
        <defName>Tough</defName>
        <chance>15</chance>
      </li>
      <li>
        <defName>Nimble</defName>
        <chance>50</chance>
      </li>
      <li>
        <defName>ShootingAccuracy</defName>
        <degree>1</degree>
        <chance>30</chance>
      </li>
    </forcedTraits>
    <spawnCategories>
      <li>FGBandit</li>
      <li>FGOstermark</li>
      <li>FGFieldRanged</li>
      <li>FGNonCombatant</li>
      <li>FGFieldMelee</li>
      <li>FGFieldSoldier</li>
      <li>FGFieldSoldierRanged</li>
      <li>FGSpawn</li>
      <li>FGField</li>
      <li>FGFieldKnight</li>
      <li>FGFieldCommander</li>
    </spawnCategories>
    <requiredWorkTags>
      <li>Violent</li>
    </requiredWorkTags>
  </AlienRace.BackstoryDef>

  <!-- Hochland -->

  <AlienRace.BackstoryDef>
    <defName>FGHochlandSoldier</defName>
    <title>soldier hochlander</title>
    <titleShort>soldier</titleShort>
    <baseDescription>[PAWN_nameDef] born to a family of soldiers in Hochland. [PAWN_pronoun] was taught by [PAWN_possessive] family how to fight and survive the harsher northern region.</baseDescription>
    <bodyTypeMale>Male</bodyTypeMale>
    <bodyTypeFemale>Female</bodyTypeFemale>
    <slot>Childhood</slot>
    <skillGains>
      <li>
        <defName>Plants</defName>
        <amount>1</amount>
      </li>
      <li>
        <defName>Crafting</defName>
        <amount>1</amount>
      </li>
      <li>
        <defName>Shooting</defName>
        <amount>2</amount>
      </li>
      <li>
        <defName>Melee</defName>
        <amount>2</amount>
      </li>
    </skillGains>
    <forcedTraits>
      <li>
        <defName>Tough</defName>
        <chance>15</chance>
      </li>
      <li>
        <defName>Nimble</defName>
        <chance>15</chance>
      </li>
    </forcedTraits>
    <spawnCategories>
      <li>FGHochland</li>
      <li>FGNonCombatant</li>
      <li>FGFieldMelee</li>
      <li>FGFieldSoldier</li>
      <li>FGFieldSoldierRanged</li>
      <li>FGSpawn</li>
      <li>FGFieldKnight</li>
      <li>FGFieldCommander</li>
      <li>FGBandit</li>
      <li>FGField</li>
      <li>FGFieldRanged</li>
    </spawnCategories>
    <requiredWorkTags>
      <li>Violent</li>
      <li>PlantWork</li>
    </requiredWorkTags>
  </AlienRace.BackstoryDef>

  <AlienRace.BackstoryDef>
    <defName>FGHochlandHunter</defName>
    <title>hunter hochlander</title>
    <titleShort>hunter</titleShort>
    <baseDescription>[PAWN_nameDef] born to a lowly family of hunters in the northern parts of Hochland. Without fertile lands [PAWN_pronoun] learner [PAWN_possessive] parents trade of surviving and avoiding the dangers of the harsh land.</baseDescription>
    <bodyTypeMale>Thin</bodyTypeMale>
    <bodyTypeFemale>Thin</bodyTypeFemale>
    <slot>Childhood</slot>
    <skillGains>
      <li>
        <defName>Cooking</defName>
        <amount>1</amount>
      </li>
      <li>
        <defName>Medicine</defName>
        <amount>1</amount>
      </li>
      <li>
        <defName>Shooting</defName>
        <amount>2</amount>
      </li>
    </skillGains>
    <forcedTraits>
      <li>
        <defName>ShootingAccuracy</defName>
        <degree>1</degree>
        <chance>50</chance>
      </li>
    </forcedTraits>
    <spawnCategories>
      <li>FGHochland</li>
      <li>FGNonCombatant</li>
      <li>FGFieldMelee</li>
      <li>FGFieldSoldier</li>
      <li>FGFieldSoldierRanged</li>
      <li>FGSpawn</li>
      <li>FGFieldKnight</li>
      <li>FGFieldRanged</li>
      <li>FGBandit</li>
      <li>FGField</li>
      <li>FGFieldCommander</li>
    </spawnCategories>
    <requiredWorkTags>
      <li>Violent</li>
      <li>Cooking</li>
      <li>Caring</li>
    </requiredWorkTags>
  </AlienRace.BackstoryDef>

  <AlienRace.BackstoryDef>
    <defName>FGHochlandForester</defName>
    <title>forester hochlander</title>
    <titleShort>forester</titleShort>
    <baseDescription>[PAWN_nameDef] lived with [PAWN_possessive] in Hochland chopping and gathering timber for Hochlands largest trade. [PAWN_pronoun] was trained like most hochlanders how to survive the harsh land.</baseDescription>
    <bodyTypeMale>Male</bodyTypeMale>
    <bodyTypeFemale>Thin</bodyTypeFemale>
    <slot>Childhood</slot>
    <skillGains>
      <li>
        <defName>Plants</defName>
        <amount>2</amount>
      </li>
      <li>
        <defName>Shooting</defName>
        <amount>1</amount>
      </li>
    </skillGains>
    <spawnCategories>
      <li>FGBandit</li>
      <li>FGField</li>
      <li>FGHochland</li>
      <li>FGNonCombatant</li>
      <li>FGFieldMelee</li>
      <li>FGFieldSoldier</li>
      <li>FGFieldSoldierRanged</li>
      <li>FGSpawn</li>
      <li>FGFieldRanged</li>
      <li>FGFieldKnight</li>
      <li>FGFieldCommander</li>
    </spawnCategories>
    <requiredWorkTags>
      <li>Violent</li>
      <li>PlantWork</li>
    </requiredWorkTags>
  </AlienRace.BackstoryDef>

  <!-- Wissenland -->

  <AlienRace.BackstoryDef>
    <defName>FGWissenFarm</defName>
    <title>farmhand wissenlander</title>
    <titleShort>farmhand</titleShort>
    <baseDescription>[PAWN_nameDef] born to a low working family of Wissenland. [PAWN_pronoun] helped out on the small and rocky farmlands of Wissenland, earning [PAWN_possessive] first coin plucking the blue flint stones off the fields during the spring ploughing.</baseDescription>
    <bodyTypeMale>Thin</bodyTypeMale>
    <bodyTypeFemale>Thin</bodyTypeFemale>
    <slot>Childhood</slot>
    <skillGains>
      <li>
        <defName>Plants</defName>
        <amount>1</amount>
      </li>
      <li>
        <defName>Construction</defName>
        <amount>1</amount>
      </li>
      <li>
        <defName>Shooting</defName>
        <amount>1</amount>
      </li>
    </skillGains>
    <spawnCategories>
      <li>FGBandit</li>
      <li>FGField</li>
      <li>FGWissen</li>
      <li>FGNonCombatant</li>
      <li>FGFieldMelee</li>
      <li>FGFieldSoldier</li>
      <li>FGFieldSoldierRanged</li>
      <li>FGSpawn</li>
      <li>FGFieldKnight</li>
      <li>FGFieldRanged</li>
      <li>FGFieldCommander</li>
    </spawnCategories>
    <requiredWorkTags>
      <li>PlantWork</li>
    </requiredWorkTags>
  </AlienRace.BackstoryDef>

  <AlienRace.BackstoryDef>
    <defName>FGWissenMiner</defName>
    <title>miner wissenlander</title>
    <titleShort>miner</titleShort>
    <baseDescription>[PAWN_nameDef] lived at the most western part of Wissenland. [PAWN_possessive] family working the mines to supply the industrial powerhouse of The Empire. There was constant tension between the dwarfs and the humans surrounding the mining in the territory. [PAWN_nameDef] constantly observed and took part in the race conflicts with the nearby Dwarf operations.</baseDescription>
    <bodyTypeMale>Hulk</bodyTypeMale>
    <bodyTypeFemale>Thin</bodyTypeFemale>
    <slot>Childhood</slot>
    <skillGains>
      <li>
        <defName>Mining</defName>
        <amount>1</amount>
      </li>
      <li>
        <defName>Melee</defName>
        <amount>1</amount>
      </li>
    </skillGains>
    <forcedTraits>
      <li>
        <defName>Xenophobia</defName>
        <degree>1</degree>
        <chance>100</chance>
      </li>
    </forcedTraits>
    <spawnCategories>
      <li>FGWissen</li>
      <li>FGNonCombatant</li>
      <li>FGFieldMelee</li>
      <li>FGFieldSoldier</li>
      <li>FGFieldSoldierRanged</li>
      <li>FGSpawn</li>
      <li>FGFieldKnight</li>
      <li>FGBandit</li>
      <li>FGField</li>
      <li>FGFieldRanged</li>
      <li>FGFieldCommander</li>
    </spawnCategories>
    <requiredWorkTags>
      <li>Violent</li>
      <li>Mining</li>
    </requiredWorkTags>
  </AlienRace.BackstoryDef>

  <AlienRace.BackstoryDef>
    <defName>FGWissenWorker</defName>
    <title>worker wissenlander</title>
    <titleShort>worker</titleShort>
    <baseDescription>[PAWN_nameDef] born in a low wage worker family in Wissenland. [PAWN_possessive] father worked in the local factory for The Empires black-powder weaponry production.</baseDescription>
    <bodyTypeMale>Hulk</bodyTypeMale>
    <bodyTypeFemale>Female</bodyTypeFemale>
    <slot>Childhood</slot>
    <skillGains>
      <li>
        <defName>Crafting</defName>
        <amount>1</amount>
      </li>
      <li>
        <defName>Shooting</defName>
        <amount>1</amount>
      </li>
    </skillGains>
    <spawnCategories>
      <li>FGBandit</li>
      <li>FGWissen</li>
      <li>FGField</li>
      <li>FGNonCombatant</li>
      <li>FGFieldMelee</li>
      <li>FGFieldSoldier</li>
      <li>FGFieldSoldierRanged</li>
      <li>FGSpawn</li>
      <li>FGFieldRanged</li>
      <li>FGFieldKnight</li>
      <li>FGFieldCommander</li>
    </spawnCategories>
    <requiredWorkTags>
      <li>Crafting</li>
    </requiredWorkTags>
  </AlienRace.BackstoryDef>

  <AlienRace.BackstoryDef>
    <defName>FGWissenBandit</defName>
    <title>bandit wissenlander</title>
    <titleShort>bandit</titleShort>
    <baseDescription>[PAWN_nameDef] ran with a posse out in the western reaches of Wissenland. To stony, no fertile lands, no desire to work the mines nor slave away in the black-powder factories. [PAWN_pronoun] joined a group of troublemakers in the rocky hills. </baseDescription>
    <bodyTypeMale>Male</bodyTypeMale>
    <bodyTypeFemale>Female</bodyTypeFemale>
    <slot>Childhood</slot>
    <skillGains>
      <li>
        <defName>Shooting</defName>
        <amount>2</amount>
      </li>
      <li>
        <defName>Melee</defName>
        <amount>1</amount>
      </li>
      <li>
        <defName>Social</defName>
        <amount>-1</amount>
      </li>
    </skillGains>
    <forcedTraits>
      <li>
        <defName>Xenophobia</defName>
        <degree>1</degree>
        <chance>30</chance>
      </li>
    </forcedTraits>
    <spawnCategories>
      <li>FGBandit</li>
      <li>FGWissen</li>
      <li>FGNonCombatant</li>
      <li>FGFieldMelee</li>
      <li>FGFieldSoldier</li>
      <li>FGFieldSoldierRanged</li>
      <li>FGSpawn</li>
      <li>FGFieldRanged</li>
      <li>FGField</li>
      <li>FGFieldKnight</li>
      <li>FGFieldCommander</li>
    </spawnCategories>
    <requiredWorkTags>
      <li>Violent</li>
    </requiredWorkTags>
  </AlienRace.BackstoryDef>

  <AlienRace.BackstoryDef>
    <defName>FGWissenGuard</defName>
    <title>guard wissenlander</title>
    <titleShort>guard</titleShort>
    <baseDescription>[PAWN_possessive] father was a guard for the local trade routes in the western parts of Wissenland. He would be gone for weeks on end but when he was home he taught [PAWN_nameDef] how to fight. When [PAWN_nameDef] was older [PAWN_pronoun] would join [PAWN_possessive] father on work patrols.</baseDescription>
    <bodyTypeMale>Male</bodyTypeMale>
    <bodyTypeFemale>Female</bodyTypeFemale>
    <slot>Childhood</slot>
    <skillGains>
      <li>
        <defName>Shooting</defName>
        <amount>2</amount>
      </li>
      <li>
        <defName>Melee</defName>
        <amount>2</amount>
      </li>
    </skillGains>
    <spawnCategories>
      <li>FGBandit</li>
      <li>FGField</li>
      <li>FGFieldRanged</li>
      <li>FGWissen</li>
      <li>FGNonCombatant</li>
      <li>FGFieldMelee</li>
      <li>FGFieldSoldier</li>
      <li>FGFieldSoldierRanged</li>
      <li>FGSpawn</li>
      <li>FGFieldKnight</li>
      <li>FGFieldCommander</li>
    </spawnCategories>
    <requiredWorkTags>
      <li>Violent</li>
    </requiredWorkTags>
  </AlienRace.BackstoryDef>

  <!-- Talabecland -->

  <AlienRace.BackstoryDef>
    <defName>FGTalabecForester</defName>
    <title>forester talabeclander</title>
    <titleShort>forester</titleShort>
    <baseDescription>[PAWN_nameDef] was born to a family of foresters in the province Talabecland. As many other families in the province they made their living of the old and primordial forest, though dangerous [PAWN_nameDef] learned how protect [PAWN_objective]self.</baseDescription>
    <bodyTypeMale>Male</bodyTypeMale>
    <bodyTypeFemale>Female</bodyTypeFemale>
    <slot>Childhood</slot>
    <skillGains>
      <li>
        <defName>Plants</defName>
        <amount>2</amount>
      </li>
      <li>
        <defName>Shooting</defName>
        <amount>1</amount>
      </li>
      <li>
        <defName>Melee</defName>
        <amount>1</amount>
      </li>
    </skillGains>
    <forcedTraits>
      <li>
        <defName>Xenophobia</defName>
        <degree>1</degree>
        <chance>50</chance>
      </li>
    </forcedTraits>
    <spawnCategories>
      <li>FGBandit</li>
      <li>FGFieldRanged</li>
      <li>FGField</li>
      <li>FGTalabec</li>
      <li>FGNonCombatant</li>
      <li>FGFieldMelee</li>
      <li>FGFieldSoldier</li>
      <li>FGFieldSoldierRanged</li>
      <li>FGSpawn</li>
      <li>FGFieldKnight</li>
      <li>FGFieldCommander</li>
    </spawnCategories>
    <requiredWorkTags>
      <li>Violent</li>
      <li>PlantWork</li>
    </requiredWorkTags>
  </AlienRace.BackstoryDef>

  <AlienRace.BackstoryDef>
    <defName>FGTalabecCharcoal</defName>
    <title>charcoal burner</title>
    <titleShort>burner</titleShort>
    <baseDescription>[PAWN_nameDef] was born to a family of charcoal burners in the province of Talabecland. There [PAWN_pronoun] learned [PAWN_possessive] family trade, tending to the flames of the big burners.</baseDescription>
    <bodyTypeMale>Thin</bodyTypeMale>
    <bodyTypeFemale>Thin</bodyTypeFemale>
    <slot>Childhood</slot>
    <skillGains>
      <li>
        <defName>Crafting</defName>
        <amount>1</amount>
      </li>
      <li>
        <defName>Construction</defName>
        <amount>1</amount>
      </li>
      <li>
        <defName>Cooking</defName>
        <amount>1</amount>
      </li>
    </skillGains>
    <spawnCategories>
      <li>FGBandit</li>
      <li>FGTalabec</li>
      <li>FGNonCombatant</li>
      <li>FGFieldMelee</li>
      <li>FGFieldSoldier</li>
      <li>FGFieldRanged</li>
      <li>FGFieldSoldierRanged</li>
      <li>FGSpawn</li>
      <li>FGField</li>
      <li>FGFieldKnight</li>
      <li>FGFieldCommander</li>
    </spawnCategories>
    <requiredWorkTags>
      <li>Crafting</li>
      <li>Cooking</li>
    </requiredWorkTags>
  </AlienRace.BackstoryDef>

  <AlienRace.BackstoryDef>
    <defName>FGTalabecTrapper</defName>
    <title>trapper talabeclander</title>
    <titleShort>trapper</titleShort>
    <baseDescription>[PAWN_nameDef] snuck around the Talabechlands woodlands trapping small animals and the occasional larger prey. [PAWN_pronoun] managed to learn how to tend for [PAWN_objective]self and survive alone.</baseDescription>
    <bodyTypeMale>Male</bodyTypeMale>
    <bodyTypeFemale>Thin</bodyTypeFemale>
    <slot>Childhood</slot>
    <skillGains>
      <li>
        <defName>Crafting</defName>
        <amount>1</amount>
      </li>
      <li>
        <defName>Shooting</defName>
        <amount>1</amount>
      </li>
      <li>
        <defName>Medicine</defName>
        <amount>1</amount>
      </li>
    </skillGains>
    <spawnCategories>
      <li>FGTalabec</li>
      <li>FGField</li>
      <li>FGNonCombatant</li>
      <li>FGFieldMelee</li>
      <li>FGFieldSoldier</li>
      <li>FGFieldSoldierRanged</li>
      <li>FGSpawn</li>
      <li>FGFieldKnight</li>
      <li>FGFieldRanged</li>
      <li>FGFieldCommander</li>
      <li>FGBandit</li>
    </spawnCategories>
    <requiredWorkTags>
      <li>Violent</li>
      <li>Crafting</li>
    </requiredWorkTags>
  </AlienRace.BackstoryDef>

  <AlienRace.BackstoryDef>
    <defName>FGTalabecBandit</defName>
    <title>bandit talabeclander</title>
    <titleShort>bandit</titleShort>
    <baseDescription>[PAWN_nameDef] spent [PAWN_possessive] childhood in The Farlic Hills of Talabecland. There [PAWN_pronoun] preyed upon the traffic of the Old Forest Road, making a living.</baseDescription>
    <bodyTypeMale>Hulk</bodyTypeMale>
    <bodyTypeFemale>Thin</bodyTypeFemale>
    <slot>Childhood</slot>
    <skillGains>
      <li>
        <defName>Plants</defName>
        <amount>-2</amount>
      </li>
      <li>
        <defName>Shooting</defName>
        <amount>1</amount>
      </li>
      <li>
        <defName>Melee</defName>
        <amount>1</amount>
      </li>
      <li>
        <defName>Social</defName>
        <amount>-1</amount>
      </li>
    </skillGains>
    <forcedTraits>
      <li>
        <defName>Xenophobia</defName>
        <degree>1</degree>
        <chance>30</chance>
      </li>
    </forcedTraits>
    <spawnCategories>
      <li>FGTalabec</li>
      <li>FGFieldRanged</li>
      <li>FGNonCombatant</li>
      <li>FGFieldMelee</li>
      <li>FGFieldSoldier</li>
      <li>FGFieldSoldierRanged</li>
      <li>FGSpawn</li>
      <li>FGFieldKnight</li>
      <li>FGFieldCommander</li>
      <li>FGBandit</li>
      <li>FGField</li>
    </spawnCategories>
    <requiredWorkTags>
      <li>Violent</li>
    </requiredWorkTags>
  </AlienRace.BackstoryDef>

  <AlienRace.BackstoryDef>
    <defName>FGTalabecMilitia</defName>
    <title>militia talabeclander</title>
    <titleShort>militia</titleShort>
    <baseDescription>[PAWN_nameDef] spent [PAWN_possessive] life as a menial worker in Talabeclands. But when the occasions demanded it [PAWN_pronoun] joined the local militia to ward of local bandits and wildlife.</baseDescription>
    <bodyTypeMale>Hulk</bodyTypeMale>
    <bodyTypeFemale>Female</bodyTypeFemale>
    <slot>Childhood</slot>
    <skillGains>
      <li>
        <defName>Mining</defName>
        <amount>1</amount>
      </li>
      <li>
        <defName>Construction</defName>
        <amount>1</amount>
      </li>
      <li>
        <defName>Melee</defName>
        <amount>1</amount>
      </li>
      <li>
        <defName>Shooting</defName>
        <amount>1</amount>
      </li>
    </skillGains>
    <forcedTraits>
    </forcedTraits>
    <spawnCategories>
      <li>FGTalabec</li>
      <li>FGNonCombatant</li>
      <li>FGFieldRanged</li>
      <li>FGFieldMelee</li>
      <li>FGFieldSoldier</li>
      <li>FGFieldSoldierRanged</li>
      <li>FGSpawn</li>
      <li>FGFieldKnight</li>
      <li>FGFieldCommander</li>
      <li>FGBandit</li>
      <li>FGField</li>
    </spawnCategories>
    <requiredWorkTags>
      <li>Violent</li>
    </requiredWorkTags>
  </AlienRace.BackstoryDef>

  <AlienRace.BackstoryDef>
    <defName>FGTalabecTrader</defName>
    <title>trader talabeclander</title>
    <titleShort>trader</titleShort>
    <baseDescription>[PAWN_nameDef] born to a family of traders in Talabecland. [PAWN_pronoun] observed the haggling and deals of the busy trade routes of the Empire.</baseDescription>
    <bodyTypeMale>Fat</bodyTypeMale>
    <bodyTypeFemale>Fat</bodyTypeFemale>
    <slot>Childhood</slot>
    <skillGains>
      <li>
        <defName>Social</defName>
        <amount>2</amount>
      </li>
      <li>
        <defName>Intellectual</defName>
        <amount>1</amount>
      </li>
    </skillGains>
    <forcedTraits>
    </forcedTraits>
    <spawnCategories>
      <li>FGBandit</li>
      <li>FGField</li>
      <li>FGTalabec</li>
      <li>FGNonCombatant</li>
      <li>FGFieldMelee</li>
      <li>FGFieldSoldier</li>
      <li>FGFieldSoldierRanged</li>
      <li>FGSpawn</li>
      <li>FGFieldKnight</li>
      <li>FGFieldRanged</li>
      <li>FGFieldCommander</li>
    </spawnCategories>
    <requiredWorkTags>
      <li>Social</li>
      <li>Intellectual</li>
    </requiredWorkTags>
  </AlienRace.BackstoryDef>

  <!-- Stirland -->

  <AlienRace.BackstoryDef>
    <defName>FGStirlandMilitia</defName>
    <title>militia stirlander</title>
    <titleShort>militia</titleShort>
    <baseDescription>[PAWN_nameDef] born of Stirland heritage. [PAWN_possessive] father fancied themself a proud and upstanding citizen of Stirland, patrolling the muddy streets laying down the "law" on outsiders.</baseDescription>
    <bodyTypeMale>Male</bodyTypeMale>
    <bodyTypeFemale>Female</bodyTypeFemale>
    <slot>Childhood</slot>
    <skillGains>
      <li>
        <defName>Melee</defName>
        <amount>2</amount>
      </li>
      <li>
        <defName>Social</defName>
        <amount>-1</amount>
      </li>
    </skillGains>
    <forcedTraits>
      <li>
        <defName>Xenophobia</defName>
        <degree>1</degree>
        <chance>100</chance>
      </li>
    </forcedTraits>
    <spawnCategories>
      <li>FGBandit</li>
      <li>FGField</li>
      <li>FGStirland</li>
      <li>FGNonCombatant</li>
      <li>FGFieldMelee</li>
      <li>FGFieldSoldier</li>
      <li>FGFieldSoldierRanged</li>
      <li>FGSpawn</li>
      <li>FGFieldRanged</li>
      <li>FGFieldKnight</li>
      <li>FGFieldCommander</li>
    </spawnCategories>
    <requiredWorkTags>
      <li>Violent</li>
    </requiredWorkTags>
  </AlienRace.BackstoryDef>

  <AlienRace.BackstoryDef>
    <defName>FGStirlandTavern</defName>
    <title>tapster stirlander</title>
    <titleShort>tapster</titleShort>
    <baseDescription>[PAWN_nameDef] family ran a tavern in the deep of Stirland. [PAWN_pronoun] spent the time working the tap, cleaning (in loose term) and occasionally roughing up the drunk.</baseDescription>
    <bodyTypeMale>Fat</bodyTypeMale>
    <bodyTypeFemale>Female</bodyTypeFemale>
    <slot>Childhood</slot>
    <skillGains>
      <li>
        <defName>Melee</defName>
        <amount>1</amount>
      </li>
      <li>
        <defName>Cooking</defName>
        <amount>1</amount>
      </li>
    </skillGains>
    <forcedTraits>
      <li>
        <defName>Xenophobia</defName>
        <degree>1</degree>
        <chance>60</chance>
      </li>
    </forcedTraits>
    <spawnCategories>
      <li>FGBandit</li>
      <li>FGStirland</li>
      <li>FGNonCombatant</li>
      <li>FGFieldMelee</li>
      <li>FGFieldSoldier</li>
      <li>FGFieldSoldierRanged</li>
      <li>FGSpawn</li>
      <li>FGField</li>
      <li>FGFieldRanged</li>
      <li>FGFieldKnight</li>
      <li>FGFieldCommander</li>
    </spawnCategories>
    <requiredWorkTags>
      <li>Violent</li>
      <li>Cooking</li>
    </requiredWorkTags>
  </AlienRace.BackstoryDef>

  <AlienRace.BackstoryDef>
    <defName>FGStirlandDeathjack</defName>
    <title>Deathjack</title>
    <titleShort>deathjack</titleShort>
    <baseDescription>[PAWN_nameDef]s family had ties to the Stirland Deathjacks. [PAWN_possessive] parents disappeared every now and then for days on end, leaving [PAWN_objective] alone to tend to the homestead. But every now and then [PAWN_nameDef] would get to join [PAWN_possessive] family on the occasional runs.</baseDescription>
    <bodyTypeMale>Male</bodyTypeMale>
    <bodyTypeFemale>Thin</bodyTypeFemale>
    <slot>Childhood</slot>
    <skillGains>
      <li>
        <defName>Crafting</defName>
        <amount>1</amount>
      </li>
      <li>
        <defName>Shooting</defName>
        <amount>1</amount>
      </li>
      <li>
        <defName>Construction</defName>
        <amount>1</amount>
      </li>
    </skillGains>
    <spawnCategories>
      <li>FGField</li>
      <li>FGBandit</li>
      <li>FGStirland</li>
      <li>FGNonCombatant</li>
      <li>FGFieldMelee</li>
      <li>FGFieldSoldier</li>
      <li>FGFieldSoldierRanged</li>
      <li>FGSpawn</li>
      <li>FGFieldRanged</li>
      <li>FGFieldKnight</li>
      <li>FGFieldCommander</li>
    </spawnCategories>
    <requiredWorkTags>
      <li>Violent</li>
    </requiredWorkTags>
  </AlienRace.BackstoryDef>

  <AlienRace.BackstoryDef>
    <defName>FGStirlandFarmer</defName>
    <title>farmer stirlander</title>
    <titleShort>farmer</titleShort>
    <baseDescription>[PAWN_nameDef] was born on a farm in the rural lands of Stirland, tending to the family farm and fighting of the occasional beast prowling in the dark.</baseDescription>
    <bodyTypeMale>Male</bodyTypeMale>
    <bodyTypeFemale>Female</bodyTypeFemale>
    <slot>Childhood</slot>
    <skillGains>
      <li>
        <defName>Animals</defName>
        <amount>1</amount>
      </li>
      <li>
        <defName>Plants</defName>
        <amount>1</amount>
      </li>
      <li>
        <defName>Melee</defName>
        <amount>1</amount>
      </li>
      <li>
        <defName>Social</defName>
        <amount>-2</amount>
      </li>
    </skillGains>
    <forcedTraits>
      <li>
        <defName>Xenophobia</defName>
        <degree>1</degree>
        <chance>100</chance>
      </li>
    </forcedTraits>
    <spawnCategories>
      <li>FGBandit</li>
      <li>FGStirland</li>
      <li>FGNonCombatant</li>
      <li>FGFieldRanged</li>
      <li>FGFieldMelee</li>
      <li>FGFieldSoldier</li>
      <li>FGFieldSoldierRanged</li>
      <li>FGSpawn</li>
      <li>FGField</li>
      <li>FGFieldKnight</li>
      <li>FGFieldCommander</li>
    </spawnCategories>
    <requiredWorkTags>
      <li>Animals</li>
      <li>PlantWork</li>
    </requiredWorkTags>
    <workDisables>
      <li>Artistic</li>
      <li>Intellectual</li>
    </workDisables>
  </AlienRace.BackstoryDef>

  <AlienRace.BackstoryDef>
    <defName>FGStirlandWorker</defName>
    <title>worker stirlander</title>
    <titleShort>worker</titleShort>
    <baseDescription>[PAWN_nameDef] was born to a family of workers in the province of Stirland. They spent their time doing menial labour in the village and nearby farmsteads.</baseDescription>
    <bodyTypeMale>Hulk</bodyTypeMale>
    <bodyTypeFemale>Female</bodyTypeFemale>
    <slot>Childhood</slot>
    <skillGains>
      <li>
        <defName>Mining</defName>
        <amount>1</amount>
      </li>
      <li>
        <defName>Construction</defName>
        <amount>1</amount>
      </li>
      <li>
        <defName>Crafting</defName>
        <amount>1</amount>
      </li>
      <li>
        <defName>Social</defName>
        <amount>-1</amount>
      </li>
    </skillGains>
    <forcedTraits>
      <li>
        <defName>Xenophobia</defName>
        <degree>1</degree>
        <chance>80</chance>
      </li>
    </forcedTraits>
    <spawnCategories>
      <li>FGBandit</li>
      <li>FGFieldRanged</li>
      <li>FGStirland</li>
      <li>FGNonCombatant</li>
      <li>FGFieldMelee</li>
      <li>FGFieldSoldier</li>
      <li>FGFieldSoldierRanged</li>
      <li>FGSpawn</li>
      <li>FGField</li>
      <li>FGFieldKnight</li>
      <li>FGFieldCommander</li>
    </spawnCategories>
    <requiredWorkTags>
      <li>Crafting</li>
    </requiredWorkTags>
  </AlienRace.BackstoryDef>

  <AlienRace.BackstoryDef>
    <defName>FGStirlandCitizen</defName>
    <title>citizen stirlander</title>
    <titleShort>citizen</titleShort>
    <baseDescription>[PAWN_nameDef] mostly survived on [PAWN_possessive] own. After [PAWN_possessive] father had a run in with the Lords men, [PAWN_pronoun] was left crippled and damaged. So the breadwinning was left to [PAWN_nameDef].</baseDescription>
    <bodyTypeMale>Thin</bodyTypeMale>
    <bodyTypeFemale>Thin</bodyTypeFemale>
    <slot>Childhood</slot>
    <skillGains>
      <li>
        <defName>Crafting</defName>
        <amount>1</amount>
      </li>
      <li>
        <defName>Construction</defName>
        <amount>1</amount>
      </li>
    </skillGains>
    <forcedTraits>
      <li>
        <defName>Xenophobia</defName>
        <degree>1</degree>
        <chance>80</chance>
      </li>
    </forcedTraits>
    <spawnCategories>
      <li>FGField</li>
      <li>FGBandit</li>
      <li>FGFieldRanged</li>
      <li>FGStirland</li>
      <li>FGNonCombatant</li>
      <li>FGFieldMelee</li>
      <li>FGFieldSoldier</li>
      <li>FGFieldSoldierRanged</li>
      <li>FGSpawn</li>
      <li>FGFieldKnight</li>
      <li>FGFieldCommander</li>
    </spawnCategories>
    <requiredWorkTags>
      <li>Crafting</li>
    </requiredWorkTags>
  </AlienRace.BackstoryDef>

  <!-- Reikland -->

  <AlienRace.BackstoryDef>
    <defName>FGReiklandGuard</defName>
    <title>Reiksguard lineage</title>
    <titleShort>Reiksguard</titleShort>
    <baseDescription>[PAWN_nameDef] was born in the South-weastern province of Reikland. [PAWN_possessive] family served in the prestigious Reiksguard, leaving [PAWN_objective] with the burden to always prove themself.</baseDescription>
    <bodyTypeMale>Male</bodyTypeMale>
    <bodyTypeFemale>Female</bodyTypeFemale>
    <slot>Childhood</slot>
    <skillGains>
      <li>
        <defName>Shooting</defName>
        <amount>1</amount>
      </li>
      <li>
        <defName>Melee</defName>
        <amount>2</amount>
      </li>
      <li>
        <defName>Social</defName>
        <amount>1</amount>
      </li>
    </skillGains>
    <spawnCategories>
      <li>FGBandit</li>
      <li>FGReikland</li>
      <li>FGNonCombatant</li>
      <li>FGFieldMelee</li>
      <li>FGFieldRanged</li>
      <li>FGFieldSoldier</li>
      <li>FGFieldSoldierRanged</li>
      <li>FGSpawn</li>
      <li>FGField</li>
      <li>FGFieldKnight</li>
      <li>FGFieldCommander</li>
    </spawnCategories>
    <requiredWorkTags>
      <li>Violent</li>
    </requiredWorkTags>
  </AlienRace.BackstoryDef>

  <AlienRace.BackstoryDef>
    <defName>FGReiklandMiner</defName>
    <title>Mining reiklander</title>
    <titleShort>miner</titleShort>
    <baseDescription>[PAWN_nameDef] was born in a family of miners in Reikland. [PAWN_possessive] family toiled in the lower slopes of the Grey Mountains extracting precious minerals and gems.</baseDescription>
    <bodyTypeMale>Hulk</bodyTypeMale>
    <bodyTypeFemale>Female</bodyTypeFemale>
    <slot>Childhood</slot>
    <skillGains>
      <li>
        <defName>Mining</defName>
        <amount>2</amount>
      </li>
    </skillGains>
    <spawnCategories>
      <li>FGBandit</li>
      <li>FGAverland</li>
      <li>FGNonCombatant</li>
      <li>FGFieldMelee</li>
      <li>FGFieldSoldier</li>
      <li>FGFieldSoldierRanged</li>
      <li>FGSpawn</li>
      <li>FGFieldRanged</li>
      <li>FGField</li>
      <li>FGFieldKnight</li>
      <li>FGFieldCommander</li>
    </spawnCategories>
    <requiredWorkTags>
      <li>Mining</li>
    </requiredWorkTags>
  </AlienRace.BackstoryDef>

  <AlienRace.BackstoryDef>
    <defName>FGReiklandPass</defName>
    <title>border reiklander</title>
    <titleShort>guard</titleShort>
    <baseDescription>[PAWN_nameDef] was born close to the Grey Mountains in the province of Reikland. [PAWN_possessive] father served as a borderguard potecting the slopes against whatever lurks in the mountains and past it.</baseDescription>
    <bodyTypeMale>Male</bodyTypeMale>
    <bodyTypeFemale>Female</bodyTypeFemale>
    <slot>Childhood</slot>
    <skillGains>
      <li>
        <defName>Melee</defName>
        <amount>1</amount>
      </li>
      <li>
        <defName>Shooting</defName>
        <amount>1</amount>
      </li>
    </skillGains>
    <forcedTraits>
      <li>
        <defName>Xenophobia</defName>
        <degree>1</degree>
        <chance>75</chance>
      </li>
    </forcedTraits>
    <spawnCategories>
      <li>FGField</li>
      <li>FGBandit</li>
      <li>FGReikland</li>
      <li>FGNonCombatant</li>
      <li>FGFieldMelee</li>
      <li>FGFieldSoldier</li>
      <li>FGFieldSoldierRanged</li>
      <li>FGSpawn</li>
      <li>FGFieldKnight</li>
      <li>FGFieldRanged</li>
      <li>FGFieldCommander</li>
    </spawnCategories>
    <requiredWorkTags>
      <li>Violent</li>
    </requiredWorkTags>
  </AlienRace.BackstoryDef>

  <AlienRace.BackstoryDef>
    <defName>FGReiklandFarmer</defName>
    <title>farmer reiklander</title>
    <titleShort>farmer</titleShort>
    <baseDescription>[PAWN_nameDef] lived in the fertile and rolling hills of Vorbergland in the province of Reikland. [PAWN_pronoun] spent [PAWN_possessive] childhood tending fields and animals and the occasional visit to the large markets selling the family goods.</baseDescription>
    <bodyTypeMale>Male</bodyTypeMale>
    <bodyTypeFemale>Female</bodyTypeFemale>
    <slot>Childhood</slot>
    <skillGains>
      <li>
        <defName>Animals</defName>
        <amount>1</amount>
      </li>
      <li>
        <defName>Plants</defName>
        <amount>1</amount>
      </li>
      <li>
        <defName>Social</defName>
        <amount>1</amount>
      </li>
    </skillGains>
    <spawnCategories>
      <li>FGReikland</li>
      <li>FGNonCombatant</li>
      <li>FGFieldMelee</li>
      <li>FGFieldSoldier</li>
      <li>FGFieldSoldierRanged</li>
      <li>FGSpawn</li>
      <li>FGFieldKnight</li>
      <li>FGFieldCommander</li>
      <li>FGBandit</li>
      <li>FGField</li>
      <li>FGFieldRanged</li>
    </spawnCategories>
    <requiredWorkTags>
      <li>Animals</li>
      <li>PlantWork</li>
    </requiredWorkTags>
  </AlienRace.BackstoryDef>

  <AlienRace.BackstoryDef>
    <defName>FGReiklandHunter</defName>
    <title>hunter reiklander</title>
    <titleShort>hunter</titleShort>
    <baseDescription>[PAWN_nameDef] lived a relatively safe life in the Reikwald. There [PAWN_possessive] family spent their time hunting the wild life and living a modest life.</baseDescription>
    <bodyTypeMale>Male</bodyTypeMale>
    <bodyTypeFemale>Female</bodyTypeFemale>
    <slot>Childhood</slot>
    <skillGains>
      <li>
        <defName>Shooting</defName>
        <amount>1</amount>
      </li>
      <li>
        <defName>Plants</defName>
        <amount>1</amount>
      </li>
    </skillGains>
    <spawnCategories>
      <li>FGBandit</li>
      <li>FGFieldRanged</li>
      <li>FGField</li>
      <li>FGReikland</li>
      <li>FGNonCombatant</li>
      <li>FGFieldMelee</li>
      <li>FGFieldSoldier</li>
      <li>FGFieldSoldierRanged</li>
      <li>FGSpawn</li>
      <li>FGFieldKnight</li>
      <li>FGFieldCommander</li>
    </spawnCategories>
    <requiredWorkTags>
      <li>PlantWork</li>
    </requiredWorkTags>
  </AlienRace.BackstoryDef>

  <AlienRace.BackstoryDef>
    <defName>FGReiklandCivil</defName>
    <title>citizen reiklander</title>
    <titleShort>citizen</titleShort>
    <baseDescription>[PAWN_nameDef] lived with [PAWN_possessive] family in the civilized city of Reikland, surrounded by the safe confine of the stone walls doing the work that was offered.</baseDescription>
    <bodyTypeMale>Thin</bodyTypeMale>
    <bodyTypeFemale>Thin</bodyTypeFemale>
    <slot>Childhood</slot>
    <skillGains>
      <li>
        <defName>Cooking</defName>
        <amount>1</amount>
      </li>
      <li>
        <defName>Crafting</defName>
        <amount>1</amount>
      </li>
      <li>
        <defName>Construction</defName>
        <amount>1</amount>
      </li>
    </skillGains>
    <spawnCategories>
      <li>FGField</li>
      <li>FGReikland</li>
      <li>FGNonCombatant</li>
      <li>FGFieldMelee</li>
      <li>FGFieldSoldier</li>
      <li>FGFieldRanged</li>
      <li>FGFieldSoldierRanged</li>
      <li>FGSpawn</li>
      <li>FGFieldKnight</li>
      <li>FGFieldCommander</li>
      <li>FGBandit</li>
    </spawnCategories>
    <requiredWorkTags>
      <li>Crafting</li>
    </requiredWorkTags>
  </AlienRace.BackstoryDef>

  <AlienRace.BackstoryDef>
    <defName>FGReiklandNoble</defName>
    <title>noble reiklander</title>
    <titleShort>noble</titleShort>
    <baseDescription>[PAWN_nameDef] was born in Reikland to a family of low nobles. [PAWN_pronoun] spent [PAWN_possessive] childhood practising whatever the latest craze the nobles caught fancy of.</baseDescription>
    <bodyTypeMale>Thin</bodyTypeMale>
    <bodyTypeFemale>Thin</bodyTypeFemale>
    <slot>Childhood</slot>
    <skillGains>
      <li>
        <defName>Social</defName>
        <amount>2</amount>
      </li>
      <li>
        <defName>Artistic</defName>
        <amount>1</amount>
      </li>
    </skillGains>
    <spawnCategories>
      <li>FGBandit</li>
      <li>FGField</li>
      <li>FGReikland</li>
      <li>FGNonCombatant</li>
      <li>FGFieldMelee</li>
      <li>FGFieldSoldier</li>
      <li>FGFieldSoldierRanged</li>
      <li>FGSpawn</li>
      <li>FGFieldRanged</li>
      <li>FGFieldKnight</li>
      <li>FGFieldCommander</li>
    </spawnCategories>
    <requiredWorkTags>
      <li>Artistic</li>
    </requiredWorkTags>
  </AlienRace.BackstoryDef>

  <!-- Averland -->

  <AlienRace.BackstoryDef>
    <defName>FGAverlandHunter</defName>
    <title>Beaver hunter averlander</title>
    <titleShort>hunter</titleShort>
    <baseDescription>[PAWN_nameDef] was born in the far east in Averland. Instead of mining along the mountain ranges, [PAWN_possessive] family took on the hunters trade. [PAWN_objective] childhood was spent stalking the woods for beavers and otters. With the occasional visit to the markets to sell the acquired furs.</baseDescription>

    <bodyTypeMale>Male</bodyTypeMale>
    <bodyTypeFemale>Female</bodyTypeFemale>

    <slot>Childhood</slot>
    <skillGains>
      <li>
        <defName>Shooting</defName>
        <amount>2</amount>
      </li>
      <li>
        <defName>Cooking</defName>
        <amount>1</amount>
      </li>
      <li>
        <defName>Social</defName>
        <amount>1</amount>
      </li>
    </skillGains>
    <spawnCategories>
      <li>FGAverland</li>
      <li>FGNonCombatant</li>
      <li>FGFieldMelee</li>
      <li>FGFieldSoldier</li>
      <li>FGFieldSoldierRanged</li>
      <li>FGSpawn</li>
      <li>FGFieldKnight</li>
      <li>FGFieldCommander</li>
      <li>FGBandit</li>
      <li>FGFieldRanged</li>
      <li>FGField</li>
    </spawnCategories>
    <requiredWorkTags>
      <li>Violent</li>
    </requiredWorkTags>
  </AlienRace.BackstoryDef>

  <AlienRace.BackstoryDef>
    <defName>FGAverlandMining</defName>
    <title>Mining averlander</title>
    <titleShort>miner</titleShort>
    <baseDescription>[PAWN_nameDef] was born in the far east in Averland along the foothills of the Black Mountains and Worlds Edge Mountains. There [PAWN_possessive] family made their living toiling in the mines for minerals and gems. Constant conflict with the Dwarfs sparked a dislike for other races within [PAWN_objective].</baseDescription>
    <bodyTypeMale>Hulk</bodyTypeMale>
    <bodyTypeFemale>Female</bodyTypeFemale>
    <slot>Childhood</slot>
    <skillGains>
      <li>
        <defName>Mining</defName>
        <amount>2</amount>
      </li>
      <li>
        <defName>Melee</defName>
        <amount>1</amount>
      </li>
    </skillGains>
    <forcedTraits>
      <li>
        <defName>Xenophobia</defName>
        <degree>1</degree>
        <chance>100</chance>
      </li>
    </forcedTraits>
    <spawnCategories>
      <li>FGField</li>
      <li>FGAverland</li>
      <li>FGNonCombatant</li>
      <li>FGFieldMelee</li>
      <li>FGFieldSoldier</li>
      <li>FGFieldSoldierRanged</li>
      <li>FGSpawn</li>
      <li>FGFieldKnight</li>
      <li>FGFieldRanged</li>
      <li>FGFieldCommander</li>
      <li>FGBandit</li>
    </spawnCategories>
    <requiredWorkTags>
      <li>Mining</li>
    </requiredWorkTags>
  </AlienRace.BackstoryDef>

  <AlienRace.BackstoryDef>
    <defName>FGAverlandWinery</defName>
    <title>Wineyard averlander</title>
    <titleShort>vintner</titleShort>
    <baseDescription>[PAWN_nameDef] was born a wineyard in the province of Averland. Raised with a family of vintners, [PAWN_pronoun] spent most of [PAWN_objective] years tending to the grapes and learning the winemaking trade.</baseDescription>
    <bodyTypeMale>Thin</bodyTypeMale>
    <bodyTypeFemale>Thin</bodyTypeFemale>

    <slot>Childhood</slot>
    <skillGains>
      <li>
        <defName>Plants</defName>
        <amount>1</amount>
      </li>
      <li>
        <defName>Cooking</defName>
        <amount>2</amount>
      </li>
    </skillGains>
    <spawnCategories>
      <li>FGAverland</li>
      <li>FGFieldRanged</li>
      <li>FGNonCombatant</li>
      <li>FGFieldMelee</li>
      <li>FGFieldSoldier</li>
      <li>FGFieldSoldierRanged</li>
      <li>FGSpawn</li>
      <li>FGFieldKnight</li>
      <li>FGFieldCommander</li>
      <li>FGBandit</li>
      <li>FGField</li>
    </spawnCategories>
    <requiredWorkTags>
      <li>PlantWork</li>
      <li>Cooking</li>
    </requiredWorkTags>
  </AlienRace.BackstoryDef>

  <AlienRace.BackstoryDef>
    <defName>FGAverlandNoble</defName>
    <title>Noble averlander</title>
    <titleShort>noble</titleShort>
    <baseDescription>[PAWN_nameDef] was born in Averland to a up and coming family. While [PAWN_possessive] grandparents taught [PAWN_objective] the old trade of cattle herding. [PAWN_possessive] own parents felt they were to good for it and tried to instill the finer arts of the empires nobles.</baseDescription>

    <bodyTypeMale>Thin</bodyTypeMale>
    <bodyTypeFemale>Thin</bodyTypeFemale>

    <slot>Childhood</slot>
    <skillGains>
      <li>
        <defName>Animals</defName>
        <amount>1</amount>
      </li>
      <li>
        <defName>Social</defName>
        <amount>1</amount>
      </li>
      <li>
        <defName>Artistic</defName>
        <amount>1</amount>
      </li>
    </skillGains>
    <spawnCategories>
      <li>FGField</li>
      <li>FGAverland</li>
      <li>FGNonCombatant</li>
      <li>FGFieldMelee</li>
      <li>FGFieldSoldier</li>
      <li>FGFieldSoldierRanged</li>
      <li>FGSpawn</li>
      <li>FGFieldRanged</li>
      <li>FGFieldKnight</li>
      <li>FGFieldCommander</li>
      <li>FGBandit</li>
    </spawnCategories>
    <requiredWorkTags>
      <li>Animals</li>
      <li>Social</li>
      <li>Artistic</li>
    </requiredWorkTags>
  </AlienRace.BackstoryDef>

  <AlienRace.BackstoryDef>
    <defName>FGAverlandCentral</defName>
    <title>Central averlander</title>
    <titleShort>farmer</titleShort>
    <baseDescription>[PAWN_nameDef] lineage stretches to the south-eastern Imperial Province of Averland, raised on the open fields of Averland. [PAWN_pronoun] partoke of the farm life, Tending the land and raising cattle. The culinary art of the simple but hearty meals and the famous brewing lives on in [PAWN_nameDef].</baseDescription>
    <bodyTypeMale>Male</bodyTypeMale>
    <bodyTypeFemale>Female</bodyTypeFemale>
    <slot>Childhood</slot>
    <skillGains>
      <li>
        <defName>Animals</defName>
        <amount>1</amount>
      </li>
      <li>
        <defName>Plants</defName>
        <amount>1</amount>
      </li>
      <li>
        <defName>Cooking</defName>
        <amount>1</amount>
      </li>
    </skillGains>
    <spawnCategories>
      <li>FGField</li>
      <li>FGAverland</li>
      <li>FGNonCombatant</li>
      <li>FGFieldMelee</li>
      <li>FGFieldSoldier</li>
      <li>FGFieldSoldierRanged</li>
      <li>FGSpawn</li>
      <li>FGFieldRanged</li>
      <li>FGFieldKnight</li>
      <li>FGFieldCommander</li>
      <li>FGBandit</li>
    </spawnCategories>
    <requiredWorkTags>
      <li>PlantWork</li>
      <li>Animals</li>
    </requiredWorkTags>
  </AlienRace.BackstoryDef>

</Defs>