<?xml version="1.0" encoding="UTF-8"?>
<Defs>

  <ThingDef ParentName="BaseMeleeWeapon_Sharp_Quality">
    <defName>MeleeWeapon_FGSPike</defName>
    <label>Pike</label>
    <description>A long polearm tipped with a sharp point capable of reaching quite a distance.</description>
    <graphicData>
      <texPath>Things/Item/Equipment/Weapons/FGSpear/FGSpear</texPath>
      <graphicClass>Graphic_Single</graphicClass>
      <shaderType>CutoutComplex</shaderType>
      <drawSize>(1.5,2)</drawSize>
    </graphicData>
    <techLevel>Medieval</techLevel>
    <weaponTags>
      <li>FGSpear</li>
    </weaponTags>
    <costList>
      <WoodLog>25</WoodLog>
    </costList>
    <costStuffCount>75</costStuffCount>
    <thingSetMakerTags>
      <li>RewardStandardQualitySuper</li>
    </thingSetMakerTags>
    <statBases>
      <WorkToMake>18000</WorkToMake>
      <Mass>2</Mass>
    </statBases>
    <equippedAngleOffset>-25</equippedAngleOffset>
    <stuffCategories>
      <li>Metallic</li>
    </stuffCategories>
    <comps>
    </comps>
    <verbs>
      <li>
        <verbClass>Verb_Shoot</verbClass>
        <hasStandardCommand>true</hasStandardCommand>
        <defaultProjectile>FGSpearStab</defaultProjectile>
        <warmupTime>0.5</warmupTime>
        <range>3</range>
        <soundCast>Interact_BeatFire</soundCast>
      </li>
    </verbs>
    <tools>
      <li>
        <label>shaft</label>
        <capacities>
          <li>Blunt</li>
          <li>Poke</li>
        </capacities>
        <power>13</power>
        <cooldownTime>2.6</cooldownTime>
      </li>
      <li>
        <label>point</label>
        <capacities>
          <li>Stab</li>
        </capacities>
        <power>23</power>
        <armorPenetration>0.50</armorPenetration>
        <cooldownTime>2.6</cooldownTime>
      </li>
    </tools>
    <recipeMaker>
      <researchPrerequisite>FGWeaponBasic</researchPrerequisite>
      <skillRequirements>
        <Crafting>5</Crafting>
      </skillRequirements>
    </recipeMaker>
  </ThingDef>

  <ThingDef ParentName="BaseProjectileNeolithic">
    <defName>FGSpearStab</defName>
    <label>stab</label>
    <graphicData>
      <texPath>Things/Projectile/FGSpearStab</texPath>
      <graphicClass>Graphic_Single</graphicClass>
      <drawSize>(1.2)</drawSize>
    </graphicData>
    <projectile>
      <flyOverhead>false</flyOverhead>
      <damageDef>Stab</damageDef>
      <damageAmountBase>15</damageAmountBase>
      <stoppingPower>1.5</stoppingPower>
      <speed>90</speed>
    </projectile>
  </ThingDef>

  <ThingDef ParentName="BaseRangedFG">
    <defName>FG_Crossbow</defName>
    <label>curved crossbow</label>
    <description>A very functional crossbow with a curved handle, similar to a handgun. This crossbow allow for a fast shot without windup time.</description>
    <graphicData>
      <texPath>Things/Item/Equipment/Weapons/FGCrossbow/FGCrossbow</texPath>
      <graphicClass>Graphic_Single</graphicClass>
    </graphicData>
    <soundInteract>Bow_Large</soundInteract>
    <techLevel>Medieval</techLevel>
    <costList>
      <WoodLog>50</WoodLog>
      <Steel>50</Steel>
    </costList>
    <statBases>
      <WorkToMake>10000</WorkToMake>
      <Mass>2.5</Mass>
      <AccuracyTouch>0.70</AccuracyTouch>
      <AccuracyShort>0.85</AccuracyShort>
      <AccuracyMedium>0.70</AccuracyMedium>
      <AccuracyLong>0.5</AccuracyLong>
      <RangedWeapon_Cooldown>2.8</RangedWeapon_Cooldown>
    </statBases>
    <weaponTags>
      <li>FGCrossbow</li>
    </weaponTags>
    <equippedAngleOffset>45</equippedAngleOffset>
    <recipeMaker>
      <recipeUsers>
        <li>ElectricSmithy</li>
        <li>FueledSmithy</li>
      </recipeUsers>
      <skillRequirements>
        <Crafting>4</Crafting>
      </skillRequirements>
      <researchPrerequisite>FGRangedBasic</researchPrerequisite>
      <effectWorking>Smelt</effectWorking>
      <unfinishedThingDef>UnfinishedWeapon</unfinishedThingDef>
    </recipeMaker>
    <verbs>
      <li>
        <verbClass>Verb_Shoot</verbClass>
        <hasStandardCommand>true</hasStandardCommand>
        <defaultProjectile>Arrow_FGCrossbow</defaultProjectile>
        <warmupTime>0.75</warmupTime>
        <range>25.9</range>
        <soundCast>Bow_Large</soundCast>
      </li>
    </verbs>
    <tools>
      <li>
        <label>limb</label>
        <capacities>
          <li>Blunt</li>
          <li>Poke</li>
        </capacities>
        <power>9</power>
        <cooldownTime>2</cooldownTime>
      </li>
    </tools>
  </ThingDef>
  <ThingDef ParentName="BaseProjectileNeolithic">
    <defName>Arrow_FGCrossbow</defName>
    <label>crossbow arrow</label>
    <graphicData>
      <texPath>Things/Projectile/Arrow_Small</texPath>
      <graphicClass>Graphic_Single</graphicClass>
    </graphicData>
    <projectile>
      <flyOverhead>false</flyOverhead>
      <damageDef>ArrowHighVelocity</damageDef>
      <damageAmountBase>17</damageAmountBase>
      <stoppingPower>1.8</stoppingPower>
      <speed>75</speed>
    </projectile>
  </ThingDef>

  <ThingDef ParentName="BaseFGMakeableGunFG">
    <defName>Gun_FGHandgun</defName>
    <label>Freeguild handgun</label>
    <description>A large barrled handgun, Freeguild state version. Compared to older version The Freeguild uses a large barrled handgun for more firepower on the cost of accuracy.</description>
    <graphicData>
      <texPath>Things/Item/Equipment/Weapons/FGHandgun/FGHandgun</texPath>
      <graphicClass>Graphic_Single</graphicClass>
    </graphicData>
    <techLevel>Medieval</techLevel>
    <soundInteract>Interact_Rifle</soundInteract>
    <equippedAngleOffset>45</equippedAngleOffset>
    <statBases>
      <WorkToMake>45000</WorkToMake>
      <Mass>3.5</Mass>
      <AccuracyTouch>0.65</AccuracyTouch>
      <AccuracyShort>0.70</AccuracyShort>
      <AccuracyMedium>0.60</AccuracyMedium>
      <AccuracyLong>0.35</AccuracyLong>
      <RangedWeapon_Cooldown>3</RangedWeapon_Cooldown>
    </statBases>
    <costList>
      <WoodLog>40</WoodLog>
      <Steel>60</Steel>
      <ComponentIndustrial>4</ComponentIndustrial>
    </costList>
    <recipeMaker>
      <skillRequirements>
        <Crafting>6</Crafting>
      </skillRequirements>
      <researchPrerequisite>FGHandgun</researchPrerequisite>
    </recipeMaker>
    <verbs>
      <li>
        <verbClass>Verb_Shoot</verbClass>
        <hasStandardCommand>true</hasStandardCommand>
        <defaultProjectile>Bullet_HandgunFG</defaultProjectile>
        <warmupTime>1</warmupTime>
        <range>30.9</range>
        <burstShotCount>1</burstShotCount>
        <soundCast>Shot_SniperRifle</soundCast>
        <soundCastTail>GunTail_Heavy</soundCastTail>
        <muzzleFlashScale>12</muzzleFlashScale>
      </li>
    </verbs>
    <tools>
      <li>
        <label>stock</label>
        <capacities>
          <li>Blunt</li>
        </capacities>
        <power>8</power>
        <cooldownTime>2.6</cooldownTime>
      </li>
    </tools>
    
  </ThingDef>
  <ThingDef ParentName="BaseBullet">
    <defName>Bullet_HandgunFG</defName>
    <label>handgun bullet</label>
    <graphicData>
      <texPath>Things/Projectile/Bullet_Big</texPath>
      <graphicClass>Graphic_Single</graphicClass>
    </graphicData>
    <projectile>
      <damageDef>Bullet</damageDef>
      <damageAmountBase>20</damageAmountBase>
      <speed>75</speed>
    </projectile>
  </ThingDef>

  <ThingDef ParentName="BaseFGMakeableGunFG">
    <defName>Gun_FGBlunderbuss</defName>
    <label>Freeguild blunderbuss</label>
    <description>A large open barreled handgun. Sprays a hail of bullets upon the target, shredding the unarmoured to bits. Used by the people for it's easy and cheap handling, capable of being loaded with whatever they got at hand.</description>
    <graphicData>
      <texPath>Things/Item/Equipment/Weapons/FGBlunderbuss/FGBlunderbuss</texPath>
      <graphicClass>Graphic_Single</graphicClass>
    </graphicData>
    <techLevel>Medieval</techLevel>
    <weaponTags>
      <li>FGBlunder</li>
    </weaponTags>
    <soundInteract>Interact_Rifle</soundInteract>
    <equippedAngleOffset>45</equippedAngleOffset>
    <statBases>
      <WorkToMake>40000</WorkToMake>
      <Mass>3.5</Mass>
      <AccuracyTouch>0.90</AccuracyTouch>
      <AccuracyShort>0.75</AccuracyShort>
      <AccuracyMedium>0.40</AccuracyMedium>
      <AccuracyLong>0.35</AccuracyLong>
      <RangedWeapon_Cooldown>4</RangedWeapon_Cooldown>
    </statBases>
    <costList>
      <WoodLog>40</WoodLog>
      <Steel>60</Steel>
      <ComponentIndustrial>2</ComponentIndustrial>
    </costList>
    <recipeMaker>
      <skillRequirements>
        <Crafting>6</Crafting>
      </skillRequirements>
      <researchPrerequisite>FGBlunder</researchPrerequisite>
    </recipeMaker>
    <verbs>
      <li>
        <verbClass>Verb_Shoot</verbClass>
        <hasStandardCommand>true</hasStandardCommand>
        <defaultProjectile>Bullet_BlunderbussFG</defaultProjectile>
        <warmupTime>0.5</warmupTime>
        <range>15.9</range>
        <burstShotCount>4</burstShotCount>
        <ticksBetweenBurstShots>0</ticksBetweenBurstShots>
        <soundCast>Shot_SniperRifle</soundCast>
        <soundCastTail>GunTail_Heavy</soundCastTail>
        <muzzleFlashScale>12</muzzleFlashScale>
      </li>
    </verbs>
    <tools>
      <li>
        <label>stock</label>
        <capacities>
          <li>Blunt</li>
        </capacities>
        <power>8</power>
        <cooldownTime>2.6</cooldownTime>
      </li>
    </tools>

  </ThingDef>
  <ThingDef ParentName="BaseBullet">
    <defName>Bullet_BlunderbussFG</defName>
    <label>blunderbuss bullet</label>
    <graphicData>
      <texPath>Things/Projectile/Bullet_Shotgun</texPath>
      <graphicClass>Graphic_Single</graphicClass>
    </graphicData>
    <projectile>
      <damageDef>Bullet</damageDef>
      <damageAmountBase>15</damageAmountBase>
      <stoppingPower>3</stoppingPower>
      <armorPenetrationBase>0.12</armorPenetrationBase>
      <speed>55</speed>
    </projectile>
  </ThingDef>

  <ThingDef ParentName="BaseMeleeWeapon_Sharp_Quality">
    <defName>MeleeWeapon_FGGreatSword</defName>
    <label>greatsword</label>
    <description>A deadly greatsword. Every swing and thrust can be deadly with this blade.</description>
    <graphicData>
      <texPath>Things/Item/Equipment/Weapons/FGBigSword/FGBigSword</texPath>
      <graphicClass>Graphic_Single</graphicClass>
      <shaderType>CutoutComplex</shaderType>
    </graphicData>
    <techLevel>Medieval</techLevel>
    <weaponTags>
      <li>FGKnight</li>
      <li>FGSword</li>
    </weaponTags>
    <costStuffCount>180</costStuffCount>
    <thingSetMakerTags>
      <li>RewardStandardQualitySuper</li>
    </thingSetMakerTags>
    <statBases>
      <WorkToMake>22000</WorkToMake>
      <Mass>4</Mass>
    </statBases>
    <equippedAngleOffset>-65</equippedAngleOffset>
    <stuffCategories>
      <li>Metallic</li>
    </stuffCategories>
    <tools>
      <li>
        <label>pommel</label>
        <capacities>
          <li>Blunt</li>
        </capacities>
        <power>12</power>
        <cooldownTime>2</cooldownTime>
      </li>
      <li>
        <label>point</label>
        <capacities>
          <li>Stab</li>
        </capacities>
        <power>28</power>
        <cooldownTime>2.6</cooldownTime>
      </li>
      <li>
        <label>edge</label>
        <capacities>
          <li>Cut</li>
        </capacities>
        <power>30</power>
        <cooldownTime>3</cooldownTime>
      </li>
    </tools>
    <recipeMaker>
      <researchPrerequisite>FGweaponAdvanced</researchPrerequisite>
      <skillRequirements>
        <Crafting>7</Crafting>
      </skillRequirements>
    </recipeMaker>
  </ThingDef>

  <ThingDef ParentName="BaseMeleeWeapon_Sharp_Quality">
    <defName>MeleeWeapon_FGBonesaw</defName>
    <label>bonesaw</label>
    <techLevel>Medieval</techLevel>
    <description>A suregons tool for when you need more extreme measures. Not the most hygienic tool but it does what it's meant to. Could also be used for butchering.</description>
    <graphicData>
      <texPath>Things/Item/Equipment/Weapons/FGSaw/FGBonesaw</texPath>
      <graphicClass>Graphic_Single</graphicClass>
    </graphicData>
    <uiIconScale>1.6</uiIconScale>
    <weaponTags>
      <li>FGTradeTools</li>
    </weaponTags>
    <costStuffCount>40</costStuffCount>
    <equippedStatOffsets>
      <MedicalSurgerySuccessChance>0.05</MedicalSurgerySuccessChance>
      <MedicalTendSpeed>0.10</MedicalTendSpeed>
      <MedicalOperationSpeed>0.10</MedicalOperationSpeed>
      <ButcheryFleshSpeed>0.10</ButcheryFleshSpeed>
    </equippedStatOffsets>
    <statBases>
      <WorkToMake>1800</WorkToMake>
      <Mass>0.5</Mass>
    </statBases>
    <equippedAngleOffset>-65</equippedAngleOffset>
    <stuffCategories>
      <li>Metallic</li>
    </stuffCategories>
    <tools>
      <li>
        <label>handle</label>
        <capacities>
          <li>Blunt</li>
        </capacities>
        <power>9</power>
        <cooldownTime>2</cooldownTime>
      </li>
      <li>
        <label>blade</label>
        <capacities>
          <li>Cut</li>
        </capacities>
        <power>12</power>
        <cooldownTime>1.5</cooldownTime>
      </li>
      <li>
        <label>point</label>
        <capacities>
          <li>Stab</li>
        </capacities>
        <power>13</power>
        <cooldownTime>2</cooldownTime>
      </li>
    </tools>
    <recipeMaker>
      <researchPrerequisite>FGBasicTools</researchPrerequisite>
    </recipeMaker>
  </ThingDef>

  <ThingDef ParentName="BaseMeleeWeapon_Blunt">
    <defName>MeleeWeapon_FGLadle</defName>
    <label>ladle</label>
    <description>A large ladle for cooking. Great tool for the experienced chef and inexperienced alike.</description>
    <graphicData>
      <texPath>Things/Item/Equipment/Weapons/FGLadle/FGLadle</texPath>
      <graphicClass>Graphic_Single</graphicClass>
    </graphicData>
    <uiIconScale>1.1</uiIconScale>
    <techLevel>Medieval</techLevel>
    <weaponTags>
      <li>FGTradeTools</li>
    </weaponTags>
    <costStuffCount>30</costStuffCount>
    <equippedStatOffsets>
      <FoodPoisonChance>-0.25</FoodPoisonChance>
    </equippedStatOffsets>
    <statBases>
      <WorkToMake>1200</WorkToMake>
      <Mass>0.5</Mass>
    </statBases>
    <equippedAngleOffset>-65</equippedAngleOffset>
    <stuffCategories>
      <li>Metallic</li>
      <li>Woody</li>
    </stuffCategories>
    <tools>
      <li>
        <label>handle</label>
        <capacities>
          <li>Poke</li>
        </capacities>
        <power>8</power>
        <cooldownTime>2</cooldownTime>
      </li>
      <li>
        <label>head</label>
        <labelUsedInLogging>false</labelUsedInLogging>
        <capacities>
          <li>Blunt</li>
        </capacities>
        <power>10</power>
        <cooldownTime>2</cooldownTime>
      </li>
    </tools>
    <recipeMaker>
      <researchPrerequisite>FGBasicTools</researchPrerequisite>
    </recipeMaker>
  </ThingDef>

</Defs>