﻿<?xml version="1.0" encoding="utf-8"?>
<Defs>

  <TraderKindDef>
    <defName>Visitor_FG_Standard</defName>
    <label>visitor</label>
    
    <stockGenerators>
      <li Class="StockGenerator_SingleDef">
        <thingDef>Silver</thingDef>
        <countRange>50~200</countRange>
      </li>
      <li Class="StockGenerator_WeaponsRanged">
        <countRange>-0~1</countRange>
      </li>
      <li Class="StockGenerator_Clothes">
        <countRange>0~2</countRange>
      </li>
      <li Class="StockGenerator_Category">
        <categoryDef>Textiles</categoryDef>
        <thingDefCountRange>1~2</thingDefCountRange>
        <countRange>50~120</countRange>
      </li>
      <li Class="StockGenerator_BuyArt" />
      <li Class="StockGenerator_BuyExpensiveSimple" />
    </stockGenerators>
  </TraderKindDef>

</Defs>
