<?xml version="1.0" encoding="UTF-8"?>
<Defs>

  <ThingDef Name="BaseRangedFG" Abstract="True" ParentName="BaseWeapon">
    <techLevel>Medieval</techLevel>
    <weaponTags>
      <li>FGRanged</li>
    </weaponTags>
    <thingCategories>
      <li>WeaponsRanged</li>
    </thingCategories>
    <comps>
      <li>
        <compClass>CompQuality</compClass>
      </li>
    </comps>
    <recipeMaker>
      <workSpeedStat>GeneralLaborSpeed</workSpeedStat>
      <workSkill>Crafting</workSkill>
      <unfinishedThingDef>UnfinishedWeapon</unfinishedThingDef>
    </recipeMaker>
  </ThingDef>

  <ThingDef Name="BaseMakeableGunFG" ParentName="BaseGunWithQuality" Abstract="True">
    <recipeMaker>
      <workSpeedStat>GeneralLaborSpeed</workSpeedStat>
      <workSkill>Crafting</workSkill>
      <effectWorking>Smith</effectWorking>
      <soundWorking>Recipe_Smith</soundWorking>
      <recipeUsers>
        <li>ElectricSmithy</li>
        <li>FueledSmithy</li>
      </recipeUsers>
      <unfinishedThingDef>UnfinishedGun</unfinishedThingDef>
      <researchPrerequisite>Gunsmithing</researchPrerequisite>
    </recipeMaker>
  </ThingDef>

  <ThingDef Name="BaseFGMakeableGunFG" ParentName="BaseMakeableGunFG" Abstract="True">
  </ThingDef>
  
</Defs>