<?xml version="1.0" encoding="utf-8" ?>
<Defs>

  <ThingDef ParentName="BuildingBase">
    <defName>Turret_FGVolley</defName>
    <thingClass>Building_TurretGun</thingClass>
    <label>Volley gun</label>
    <description>A large nine barreled turret capable of firing large burst of bullets to rain down on your foes. An older weapon from The Empire, repurposed by The Freeguild. It's now weaker than the old model but cheaper and easier to use as it's meant to be distributed to the people.</description>
    <uiIconPath>Things/Building/Security/FGVolleyGun/FGVolleyGun</uiIconPath>
    <uiIconScale>0.95</uiIconScale>
    <drawerType>MapMeshAndRealTime</drawerType>
    <graphicData>
      <texPath>Things/Building/Security/TurretMortar_Base</texPath>
      <graphicClass>Graphic_Single</graphicClass>
      <drawSize>(4,4)</drawSize>
      <damageData>
        <rect>(0.38,0.2,0.56375,0.8)</rect>
        <cornerTL>Damage/Corner</cornerTL>
      </damageData>
      <shadowData>
        <offset>(-0.13,-0.87,-0.1)</offset>
        <volume>(0.5,0.4,1.05)</volume>
      </shadowData>
    </graphicData>
    <statBases>
      <MaxHitPoints>250</MaxHitPoints>
      <Flammability>0.2</Flammability>
      <WorkToBuild>15000</WorkToBuild>
      <Mass>20</Mass>
      <Beauty>-20</Beauty>
      <ShootingAccuracyTurret>0.9</ShootingAccuracyTurret>
    </statBases>
    <costList>
      <Steel>150</Steel>
      <ComponentIndustrial>4</ComponentIndustrial>
    </costList>
    <comps Inherit="False">
      <li Class="CompProperties_Mannable">
        <manWorkType>Violent</manWorkType>
      </li>
      <li Class="CompProperties_Forbiddable"/>
      <li Class="CompProperties_Refuelable">
        <fuelLabel>Shots until rearm</fuelLabel>
        <fuelGizmoLabel>Ammo stack</fuelGizmoLabel>
        <fuelFilter>
          <thingDefs>
            <li>Steel</li>
          </thingDefs>
        </fuelFilter>
        <fuelCapacity>180</fuelCapacity>
        <initialFuelPercent>0</initialFuelPercent>
        <autoRefuelPercent>0</autoRefuelPercent>
        <showFuelGizmo>true</showFuelGizmo>
        <minimumFueledThreshold>1</minimumFueledThreshold>
        <fuelMultiplier>4</fuelMultiplier>
        <factorByDifficulty>false</factorByDifficulty>
        <consumeFuelOnlyWhenUsed>true</consumeFuelOnlyWhenUsed>
        <outOfFuelMessage>Cannot shoot: Needs ammo</outOfFuelMessage>
        <fuelIconPath>UI/Overlays/Barrel</fuelIconPath>
      </li>
    </comps>
    <tickerType>Normal</tickerType>
    <terrainAffordanceNeeded>Light</terrainAffordanceNeeded>
    <designationCategory>Security</designationCategory>
    <constructionSkillPrerequisite>6</constructionSkillPrerequisite>
    <altitudeLayer>Building</altitudeLayer>
    <stealable>false</stealable>
    <rotatable>true</rotatable>
    <size>(2,2)</size>
    <passability>PassThroughOnly</passability>
    <pathCost>75</pathCost>
    <fillPercent>0.8</fillPercent>
    <minifiedDef>MinifiedThing</minifiedDef>
    <thingCategories>
      <li>BuildingsSecurity</li>
    </thingCategories>
    <hasInteractionCell>True</hasInteractionCell>
    <interactionCellOffset>(0,0,-1)</interactionCellOffset>
    <building>
      <turretGunDef>Gun_FGVolleyGun</turretGunDef>
      <turretBurstWarmupTime>2.0</turretBurstWarmupTime>
      <turretBurstCooldownTime>3</turretBurstCooldownTime>
      <turretTopDrawSize>2.</turretTopDrawSize>
      <turretTopOffset>(0, 0)</turretTopOffset>
      <buildingTags>
        <li>Artillery</li>
      </buildingTags>
    </building>
    <placeWorkers>
      <li>PlaceWorker_TurretTop</li>
      <li>PlaceWorker_ShowTurretRadius</li>
    </placeWorkers>
    <researchPrerequisites>
      <li>FGVolleyGun</li>
    </researchPrerequisites>
  </ThingDef>

  <ThingDef ParentName="BaseBullet">
    <defName>Bullet_FGVolleyGun</defName>
    <label>volley bullet</label>
    <graphicData>
      <texPath>Things/Projectile/Bullet_Small</texPath>
      <graphicClass>Graphic_Single</graphicClass>
    </graphicData>
    <projectile>
      <damageDef>Bullet</damageDef>
      <damageAmountBase>16</damageAmountBase>
      <stoppingPower>1</stoppingPower>
      <speed>46</speed>
    </projectile>
  </ThingDef>

  <ThingDef ParentName="BaseWeaponTurret">
    <defName>Gun_FGVolleyGun</defName>
    <label>Volley gun</label>
    <description>A multi-barreled gun.</description>
    <graphicData>
      <texPath>Things/Building/Security/FGVolleyGun/FGVolleyGun</texPath>
      <graphicClass>Graphic_Single</graphicClass>
      <drawSize>(2,2)</drawSize>
    </graphicData>
    <soundInteract>Interact_Rifle</soundInteract>
    <tickerType>Never</tickerType>
    <techLevel>Medieval</techLevel>
    <destroyOnDrop>true</destroyOnDrop>
    <tradeability>None</tradeability>
    <useHitPoints>false</useHitPoints>
    <statBases>
      <AccuracyTouch>0.85</AccuracyTouch>
      <AccuracyShort>0.75</AccuracyShort>
      <AccuracyMedium>0.60</AccuracyMedium>
      <AccuracyLong>0.50</AccuracyLong>
      <RangedWeapon_Cooldown>3.0</RangedWeapon_Cooldown>
      <DeteriorationRate>0</DeteriorationRate>
      <Mass>25</Mass>
      <Flammability>0</Flammability>
    </statBases>
    <weaponTags>
      <li>FGTurretGun</li>
    </weaponTags>
    <verbs>
      <li>
        <verbClass>Verb_Shoot</verbClass>
        <hasStandardCommand>true</hasStandardCommand>
        <defaultProjectile>Bullet_FGVolleyGun</defaultProjectile>
        <warmupTime>2</warmupTime>
        <minRange>3.9</minRange>
        <range>34.9</range>
        <burstShotCount>18</burstShotCount>
        <ticksBetweenBurstShots>5</ticksBetweenBurstShots>
        <soundCast>Shot_Autocannon</soundCast>
        <soundCastTail>GunTail_Heavy</soundCastTail>
        <muzzleFlashScale>18</muzzleFlashScale>
        <consumeFuelPerShot>1</consumeFuelPerShot>
      </li>
    </verbs>
  </ThingDef>

</Defs>
