﻿<?xml version="1.0" encoding="utf-8" ?>
<Defs>

  <!-- ================ Player ========================== -->

  <PawnKindDef Name="FGPlayerFreePeopleBaseFaction" Abstract="True">
    <defaultFactionType>FGPlayerFreeGuild</defaultFactionType>
    <race>Human</race>
    <invNutrition>0.2</invNutrition>
    <chemicalAddictionChance>0.10</chemicalAddictionChance>
    <invFoodDef>Pemmican</invFoodDef>
    <apparelIgnoreSeasons>true</apparelIgnoreSeasons>
    <apparelRequired>
      <li>Apparel_FGUniform</li>
    </apparelRequired>
  </PawnKindDef>

  <PawnKindDef ParentName="FGPlayerFreePeopleBaseFaction">
    <defName>FG_PlayerCrossbowMid</defName>
    <label>crossbowan</label>
    <backstoryFiltersOverride>
      <li>
        <categories>
          <li>FGBandit</li>
        </categories>
      </li>
    </backstoryFiltersOverride>
    <combatPower>75</combatPower>
    <gearHealthRange>0.5~1.8</gearHealthRange>
    <apparelMoney>400~800</apparelMoney>
    <weaponMoney>300~400</weaponMoney>
    <weaponTags>
      <li>FGCrossbow</li>
    </weaponTags>
    <apparelTags>
      <li>FGMid</li>
    </apparelTags>
  </PawnKindDef>

  <PawnKindDef ParentName="FGPlayerFreePeopleBaseFaction">
    <defName>FG_PlayerPikelow</defName>
    <label>pikeman</label>
    <backstoryFiltersOverride>
      <li>
        <categories>
          <li>FGBandit</li>
        </categories>
      </li>
    </backstoryFiltersOverride>
    <combatPower>60</combatPower>
    <itemQuality>Poor</itemQuality>
    <canBeSapper>true</canBeSapper>
    <gearHealthRange>0.5~1.8</gearHealthRange>
    <apparelMoney>400~800</apparelMoney>
    <weaponMoney>450~500</weaponMoney>
    <weaponTags>
      <li>FGSpear</li>
    </weaponTags>
    <apparelTags>
      <li>FGMid</li>
    </apparelTags>
  </PawnKindDef>

  <PawnKindDef ParentName="FGPlayerFreePeopleBaseFaction">
    <defName>FG_PlayerMixlow</defName>
    <label>ruffian</label>
    <backstoryFiltersOverride>
      <li>
        <categories>
          <li>FGBandit</li>
        </categories>
      </li>
    </backstoryFiltersOverride>
    <combatPower>50</combatPower>
    <itemQuality>Poor</itemQuality>
    <canBeSapper>true</canBeSapper>
    <gearHealthRange>0.5~1.8</gearHealthRange>
    <apparelMoney>250~400</apparelMoney>
    <weaponMoney>150~200</weaponMoney>
    <weaponTags>
      <li>MedievalMeleeDecent</li>
    </weaponTags>
    <apparelTags>
      <li>FGMid</li>
    </apparelTags>
  </PawnKindDef>

  <!--  Low tier -->

  <PawnKindDef ParentName="FGPlayerFreePeopleBaseFaction">
    <defName>FG_PlayerField</defName>
    <label>desperate</label>
    <backstoryFiltersOverride>
      <li>
        <categories>
          <li>FGBandit</li>
        </categories>
      </li>
    </backstoryFiltersOverride>
    <combatPower>48</combatPower>
    <canBeSapper>true</canBeSapper>
    <chemicalAddictionChance>0.10</chemicalAddictionChance>
    <invNutrition>0</invNutrition>
    <itemQuality>Poor</itemQuality>
    <gearHealthRange>0.2~1.1</gearHealthRange>
    <apparelMoney>150~200</apparelMoney>
    <weaponMoney>80~100</weaponMoney>
    <weaponTags>
      <li>MedievalMeleeBasic</li>
      <li>NeolithicRangedBasic</li>
    </weaponTags>
    <apparelTags>
      <li>FGLow</li>
    </apparelTags>
    <techHediffsMoney>50~50</techHediffsMoney>
    <techHediffsTags>
      <li>Poor</li>
    </techHediffsTags>
    <techHediffsChance>0.05</techHediffsChance>
  </PawnKindDef>



</Defs>